Workbook

Sheet Hierarchy Level
A1: Hierarchy | B1: Division | C1: Field Force | D1: Designation | F1: DIV
A2: 1 | B2: 01 | C2: L1 | D2: MIO | F2: 01 | G2: Pharma
A3: 2 | B3: 01 | C3: L2 | D3: AM | F3: 02 | G3: AG
A4: 2 | B4: 01 | C4: L3 | D4: SAM | F4: 03 | G4: Onco
A5: 4 | B5: 01 | C5: L4 | D5: RSM | F5: 04 | G5: Optha
A6: 4 | B6: 01 | C6: L5 | D6: ASM | F6: 11 | G6: DNR
A7: 6 | B7: 01 | C7: L6 | D7: DSM
A8: 7 | B8: 01 | C8: L7 | D8: SM
A9: 8 | B9: 01 | C9: L8 | D9: SSM
A10: 9 | B10: 01 | C10: L9 | D10: AGM
A11: 10 | B11: 01 | C11: LA | D11: DGM
A12: 11 | B12: 01 | C12: LB | D12: GM
A13: 12 | B13: 01 | C13: LB | D13: AD
A14: 1 | D14: SMIO
A15: 1 | D15: SIO
A16: 1 | D16: SSIO

Sheet Depot Head - 27 Depots (DNR)
A1: Depot Code | B1: Division | C1: Hierarchy | D1: Depot Head
A2: 1311 | B2: 11 | C2: 8 | D2: EM00013924 | H2: Depot Code | I2: Depot Text
A3: 1312 | B3: 11 | C3: 8 | D3: EM00013924 | H3: 1310 | I3: Paltan Depot
A4: 1314 | B4: 11 | C4: 8 | D4: EM00013924 | H4: 1311 | I4: Dhanmondi Depot
A5: 1329 | B5: 11 | C5: 8 | D5: EM00013924 | H5: 1312 | I5: Uttara Depot
A6: 1334 | B6: 11 | C6: 8 | D6: EM00013924 | H6: 1313 | I6: Narayanganj Depot
A7: 1310 | B7: 11 | C7: 7 | D7: EM00015388 | H7: 1314 | I7: Mymensingh Depot
A8: 1313 | B8: 11 | C8: 7 | D8: EM00015388 | H8: 1315 | I8: Chattogram Depot
A9: 1324 | B9: 11 | C9: 7 | D9: EM00015388 | H9: 1316 | I9: Sylhet Depot
A10: 1325 | B10: 11 | C10: 7 | D10: EM00015388 | H10: 1317 | I10: Cumilla Depot
A11: 1326 | B11: 11 | C11: 7 | D11: EM00015388 | H11: 1318 | I11: Noakhali Depot
A12: 1327 | B12: 11 | C12: 7 | D12: EM00015388 | H12: 1319 | I12: Feni Depot
A13: 1336 | B13: 11 | C13: 7 | D13: EM00015388 | H13: 1320 | I13: Bogura Depot
A14: 1320 | B14: 11 | C14: 7 | D14: EM00015388 | H14: 1321 | I14: Rajshahi Depot
... A28: 1330 | B28: 11 | C28: 8 | D28: EM00013924 | H28: 1335 | I28: Kushtia Depot
H29: 1336 | I29: Keraniganj Depot

Sheet MIO Value Target (DNR)
A1: MIO Code | B1: T. Code | C1: Depot Code | D1: Division | E1: Start Date | F1: End Date | G1: DNR - Target Value (in Lac) | H1: Currency
A2: EM00015585 | B2: DH011-D | C2: 1311 | D2: 11 | E2: 01.09.26 | F2: 30.09.26 | G2: =_xlfn.XLOOKUP(B2,Sheet1!A:A,Sheet1!C:C) -> 321960 | H2: BDT
A3: EM00016041 | B3: DH012-D | C3: 1311 | D3: 11 | E3: 01.09.26 | F3: 30.09.26 | G3: =_xlfn.XLOOKUP(B3,Sheet1!A:A,Sheet1!C:C) -> 380160 | H3: BDT
A4: EM00016381 | B4: DH013-D | C4: 1311 | D4: 11 | E4: 01.09.26 | F4: 30.09.26 | G4: =_xlfn.XLOOKUP(B4,Sheet1!A:A,Sheet1!C:C) -> 337360 | H4: BDT
A5: EM00015619 | B5: DH014-D | C5: 1311 | D5: 11 | E5: 01.09.26 | F5: 30.09.26 | G5: =_xlfn.XLOOKUP(B5,Sheet1!A:A,Sheet1!C:C) -> 493880 | H5: BDT
A6: EM00015733 | B6: DH015-D | C6: 1311 | D6: 11 | E6: 01.09.26 | F6: 30.09.26 | G6: =_xlfn.XLOOKUP(B6,Sheet1!A:A,Sheet1!C:C) -> 450120 | H6: BDT
A7: EM00016421 | B7: DH021-D | C7: 1311 | D7: 11 | E7: 01.09.26 | F7: 30.09.26 | G7: =_xlfn.XLOOKUP(B7,Sheet1!A:A,Sheet1!C:C) -> 398040 | H7: BDT
A8: EM00015587 | B8: DH022-D | C8: 1311 | D8: 11 | E8: 01.09.26 | F8: 30.09.26 | G8: =_xlfn.XLOOKUP(B8,Sheet1!A:A,Sheet1!C:C) -> 409170 | H8: BDT
A9: EM00015607 | B9: DH023-D | C9: 1311 | D9: 11 | E9: 01.09.26 | F9: 30.09.26 | G9: =_xlfn.XLOOKUP(B9,Sheet1!A:A,Sheet1!C:C) -> 359410 | H9: BDT
A10: EM00015608 | B10: DH024-D | C10: 1311 | D10: 11 | E10: 01.09.26 | F10: 30.09.26 | G10: =_xlfn.XLOOKUP(B10,Sheet1!A:A,Sheet1!C:C) -> 336950 | H10: BDT
A11: EM00000000 | B11: DH025-D | C11: 1311 | D11: 11 | E11: 01.09.26 | F11: 30.09.26 | G11: =_xlfn.XLOOKUP(B11,Sheet1!A:A,Sheet1!C:C) -> 318990 | H11: BDT
A12: EM00015621 | B12: DH031-D | C12: 1311 | D12: 11 | E12: 01.09.26 | F12: 30.09.26 | G12: =_xlfn.XLOOKUP(B12,Sheet1!A:A,Sheet1!C:C) -> 564490 | H12: BDT
A13: EM00015606 | B13: DH032-D | C13: 1311 | D13: 11 | E13: 01.09.26 | F13: 30.09.26 | G13: =_xlfn.XLOOKUP(B13,Sheet1!A:A,Sheet1!C:C) -> 623050 | H13: BDT
... A254: EM00015739 | B254: BO015-D | C254: 1320 | D254: 11 | E254: 01.09.26 | F254: 30.09.26 | G254: =_xlfn.XLOOKUP(B254,Sheet1!A:A,Sheet1!C:C) -> 300900 | H254: BDT

Sheet Employee Hierarchy
A1: Employee ID | B1: Depot Code | C1: MIO T. Code | D1: Hierarchy Level | E1: Division | F1: Start Date | G1: End Date | H1: MIO/ SMIO | I1: MIO T. Code | J1: AM/ SAM | K1: AM/ SAM T. Code | L1: SAM | M1: SAM T. Code | N1: RSM | O1: RSM T. Code | P1: ASM | Q1: ASM T. Code | R1: DSM | S1: DSM T. Code | T1: SM | U1: SM T. Code | V1: SSM | W1: SSM T. Code | X1: AGM | Y1: AGM T. Code | Z1: DGM | AA1: DGM T. Code | AB1: GM | AC1: GM T. Code | AD1: AD | AE1: AD T. Code | AH1: Vacant | AI1: CheckID | AJ1: CheckTerr | AK1: Supervisor
A2: EM00015585 | B2: 1311 | C2: DH011-D | D2: 1 | E2: 11 | F2: 46266 | G2: 46295 | H2: EM00015585 | I2: DH011-D | J2: EM00011558 | K2: DH010-D | N2: EM00012371 | O2: RD11001 | P2: EM00000000 | R2: EM00000000 | T2: EM00000000 | V2: EM00013924 | W2: SSM01-D | X2: EM00000000 | Z2: EM00000000 | AB2: EM00000000 | AD2: EM00000000 | AI2: =IF(D2=1,A2=H2,IF(D2=2,A2=J2,IF(D2=4,A2=N2,IF(D2=6,A2=R2,IF(D2=7,A2=T2,IF(D2=8,A2=V2,IF(D2=9,A2=X2,IF(D2=10,A2=Z2,IF(D2=11,A2=AB2,IF(D2=12,A2=AD2,IF(D2=13,A2=AF2))))))))))) -> TRUE | AJ2: =IF(D2=1,C2=I2,IF(D2=2,C2=K2,IF(D2=4,C2=O2,IF(D2=6,C2=S2,IF(D2=7,C2=U2,IF(D2=8,C2=W2,IF(D2=9,C2=Y2,IF(D2=10,C2=AA2,IF(D2=11,C2=AC2,IF(D2=12,C2=AE2,IF(D2=13,C2=AG2))))))))))) -> TRUE | AK2: =IF(D2=1,J2,IF(D2=2,N2,IF(D2=4,R2,IF(D2=6,T2,IF(D2=7,V2,IF(D2=8,X2,IF(D2=9,Z2))))))) -> EM00011558
A3: EM00016041 | B3: 1311 | C3: DH012-D | D3: 1 | E3: 11 | F3: 46266 | G3: 46295 | H3: EM00016041 | I3: DH012-D | J3: EM00011558 | K3: DH010-D | N3: EM00012371 | O3: RD11001 | P3: EM00000000 | R3: EM00000000 | T3: EM00000000 | V3: EM00013924 | W3: SSM01-D | X3: EM00000000 | Z3: EM00000000 | AB3: EM00000000 | AD3: EM00000000 | AI3: =IF(D3=1,A3=H3,IF(D3=2,A3=J3,IF(D3=4,A3=N3,IF(D3=6,A3=R3,IF(D3=7,A3=T3,IF(D3=8,A3=V3,IF(D3=9,A3=X3,IF(D3=10,A3=Z3,IF(D3=11,A3=AB3,IF(D3=12,A3=AD3,IF(D3=13,A3=AF3))))))))))) -> TRUE | AJ3: =IF(D3=1,C3=I3,IF(D3=2,C3=K3,IF(D3=4,C3=O3,IF(D3=6,C3=S3,IF(D3=7,C3=U3,IF(D3=8,C3=W3,IF(D3=9,C3=Y3,IF(D3=10,C3=AA3,IF(D3=11,C3=AC3,IF(D3=12,C3=AE3,IF(D3=13,C3=AG3))))))))))) -> TRUE | AK3: =IF(D3=1,J3,IF(D3=2,N3,IF(D3=4,R3,IF(D3=6,T3,IF(D3=7,V3,IF(D3=8,X3,IF(D3=9,Z3))))))) -> EM00011558
A4: EM00016381 | B4: 1311 | C4: DH013-D | D4: 1 | E4: 11 | F4: 46266 | G4: 46295 | H4: EM00016381 | I4: DH013-D | J4: EM00011558 | K4: DH010-D | N4: EM00012371 | O4: RD11001 | P4: EM00000000 | R4: EM00000000 | T4: EM00000000 | V4: EM00013924 | W4: SSM01-D | X4: EM00000000 | Z4: EM00000000 | AB4: EM00000000 | AD4: EM00000000 | AI4: =IF(D4=1,A4=H4,IF(D4=2,A4=J4,IF(D4=4,A4=N4,IF(D4=6,A4=R4,IF(D4=7,A4=T4,IF(D4=8,A4=V4,IF(D4=9,A4=X4,IF(D4=10,A4=Z4,IF(D4=11,A4=AB4,IF(D4=12,A4=AD4,IF(D4=13,A4=AF4))))))))))) -> TRUE | AJ4: =IF(D4=1,C4=I4,IF(D4=2,C4=K4,IF(D4=4,C4=O4,IF(D4=6,C4=S4,IF(D4=7,C4=U4,IF(D4=8,C4=W4,IF(D4=9,C4=Y4,IF(D4=10,C4=AA4,IF(D4=11,C4=AC4,IF(D4=12,C4=AE4,IF(D4=13,C4=AG4))))))))))) -> TRUE | AK4: =IF(D4=1,J4,IF(D4=2,N4,IF(D4=4,R4,IF(D4=6,T4,IF(D4=7,V4,IF(D4=8,X4,IF(D4=9,Z4))))))) -> EM00011558
A5: EM00015619 | B5: 1311 | C5: DH014-D | D5: 1 | E5: 11 | F5: 46266 | G5: 46295 | H5: EM00015619 | I5: DH014-D | J5: EM00011558 | K5: DH010-D | N5: EM00012371 | O5: RD11001 | P5: EM00000000 | R5: EM00000000 | T5: EM00000000 | V5: EM00013924 | W5: SSM01-D | X5: EM00000000 | Z5: EM00000000 | AB5: EM00000000 | AD5: EM00000000 | AI5: =IF(D5=1,A5=H5,IF(D5=2,A5=J5,IF(D5=4,A5=N5,IF(D5=6,A5=R5,IF(D5=7,A5=T5,IF(D5=8,A5=V5,IF(D5=9,A5=X5,IF(D5=10,A5=Z5,IF(D5=11,A5=AB5,IF(D5=12,A5=AD5,IF(D5=13,A5=AF5))))))))))) -> TRUE | AJ5: =IF(D5=1,C5=I5,IF(D5=2,C5=K5,IF(D5=4,C5=O5,IF(D5=6,C5=S5,IF(D5=7,C5=U5,IF(D5=8,C5=W5,IF(D5=9,C5=Y5,IF(D5=10,C5=AA5,IF(D5=11,C5=AC5,IF(D5=12,C5=AE5,IF(D5=13,C5=AG5))))))))))) -> TRUE | AK5: =IF(D5=1,J5,IF(D5=2,N5,IF(D5=4,R5,IF(D5=6,T5,IF(D5=7,V5,IF(D5=8,X5,IF(D5=9,Z5))))))) -> EM00011558
A6: EM00015733 | B6: 1311 | C6: DH015-D | D6: 1 | E6: 11 | F6: 46266 | G6: 46295 | H6: EM00015733 | I6: DH015-D | J6: EM00011558 | K6: DH010-D | N6: EM00012371 | O6: RD11001 | P6: EM00000000 | R6: EM00000000 | T6: EM00000000 | V6: EM00013924 | W6: SSM01-D | X6: EM00000000 | Z6: EM00000000 | AB6: EM00000000 | AD6: EM00000000 | AI6: =IF(D6=1,A6=H6,IF(D6=2,A6=J6,IF(D6=4,A6=N6,IF(D6=6,A6=R6,IF(D6=7,A6=T6,IF(D6=8,A6=V6,IF(D6=9,A6=X6,IF(D6=10,A6=Z6,IF(D6=11,A6=AB6,IF(D6=12,A6=AD6,IF(D6=13,A6=AF6))))))))))) -> TRUE | AJ6: =IF(D6=1,C6=I6,IF(D6=2,C6=K6,IF(D6=4,C6=O6,IF(D6=6,C6=S6,IF(D6=7,C6=U6,IF(D6=8,C6=W6,IF(D6=9,C6=Y6,IF(D6=10,C6=AA6,IF(D6=11,C6=AC6,IF(D6=12,C6=AE6,IF(D6=13,C6=AG6))))))))))) -> TRUE | AK6: =IF(D6=1,J6,IF(D6=2,N6,IF(D6=4,R6,IF(D6=6,T6,IF(D6=7,V6,IF(D6=8,X6,IF(D6=9,Z6))))))) -> EM00011558
A7: EM00011558 | B7: 1311 | C7: DH010-D | D7: 2 | E7: 11 | F7: 46266 | G7: 46295 | J7: EM00011558 | K7: DH010-D | N7: EM00012371 | O7: RD11001 | P7: EM00000000 | R7: EM00000000 | T7: EM00000000 | V7: EM00013924 | W7: SSM01-D | X7: EM00000000 | Z7: EM00000000 | AB7: EM00000000 | AD7: EM00000000 | AI7: =IF(D7=1,A7=H7,IF(D7=2,A7=J7,IF(D7=4,A7=N7,IF(D7=6,A7=R7,IF(D7=7,A7=T7,IF(D7=8,A7=V7,IF(D7=9,A7=X7,IF(D7=10,A7=Z7,IF(D7=11,A7=AB7,IF(D7=12,A7=AD7,IF(D7=13,A7=AF7))))))))))) -> TRUE | AJ7: =IF(D7=1,C7=I7,IF(D7=2,C7=K7,IF(D7=4,C7=O7,IF(D7=6,C7=S7,IF(D7=7,C7=U7,IF(D7=8,C7=W7,IF(D7=9,C7=Y7,IF(D7=10,C7=AA7,IF(D7=11,C7=AC7,IF(D7=12,C7=AE7,IF(D7=13,C7=AG7))))))))))) -> TRUE | AK7: =IF(D7=1,J7,IF(D7=2,N7,IF(D7=4,R7,IF(D7=6,T7,IF(D7=7,V7,IF(D7=8,X7,IF(D7=9,Z7))))))) -> EM00012371
A8: =_xlfn.XLOOKUP(C8,[1]Sheet2!$D:$D,[1]Sheet2!$C:$C) -> EM00016421 | B8: 1311 | C8: DH021-D | D8: 1 | E8: 11 | F8: 46266 | G8: 46295 | H8: EM00016421 | I8: DH021-D | J8: EM00015656 | K8: DH020-D | N8: EM00012371 | O8: RD11001 | P8: EM00000000 | R8: EM00000000 | T8: EM00000000 | V8: EM00013924 | W8: SSM01-D | X8: EM00000000 | Z8: EM00000000 | AB8: EM00000000 | AD8: EM00000000 | AI8: =IF(D8=1,A8=H8,IF(D8=2,A8=J8,IF(D8=4,A8=N8,IF(D8=6,A8=R8,IF(D8=7,A8=T8,IF(D8=8,A8=V8,IF(D8=9,A8=X8,IF(D8=10,A8=Z8,IF(D8=11,A8=AB8,IF(D8=12,A8=AD8,IF(D8=13,A8=AF8))))))))))) -> TRUE | AJ8: =IF(D8=1,C8=I8,IF(D8=2,C8=K8,IF(D8=4,C8=O8,IF(D8=6,C8=S8,IF(D8=7,C8=U8,IF(D8=8,C8=W8,IF(D8=9,C8=Y8,IF(D8=10,C8=AA8,IF(D8=11,C8=AC8,IF(D8=12,C8=AE8,IF(D8=13,C8=AG8))))))))))) -> TRUE | AK8: =IF(D8=1,J8,IF(D8=2,N8,IF(D8=4,R8,IF(D8=6,T8,IF(D8=7,V8,IF(D8=8,X8,IF(D8=9,Z8))))))) -> EM00015656
A9: =_xlfn.XLOOKUP(C9,[1]Sheet2!$D:$D,[1]Sheet2!$C:$C) -> EM00015587 | B9: 1311 | C9: DH022-D | D9: 1 | E9: 11 | F9: 46266 | G9: 46295 | H9: EM00015587 | I9: DH022-D | J9: EM00015656 | K9: DH020-D | N9: EM00012371 | O9: RD11001 | P9: EM00000000 | R9: EM00000000 | T9: EM00000000 | V9: EM00013924 | W9: SSM01-D | X9: EM00000000 | Z9: EM00000000 | AB9: EM00000000 | AD9: EM00000000 | AI9: =IF(D9=1,A9=H9,IF(D9=2,A9=J9,IF(D9=4,A9=N9,IF(D9=6,A9=R9,IF(D9=7,A9=T9,IF(D9=8,A9=V9,IF(D9=9,A9=X9,IF(D9=10,A9=Z9,IF(D9=11,A9=AB9,IF(D9=12,A9=AD9,IF(D9=13,A9=AF9))))))))))) -> TRUE | AJ9: =IF(D9=1,C9=I9,IF(D9=2,C9=K9,IF(D9=4,C9=O9,IF(D9=6,C9=S9,IF(D9=7,C9=U9,IF(D9=8,C9=W9,IF(D9=9,C9=Y9,IF(D9=10,C9=AA9,IF(D9=11,C9=AC9,IF(D9=12,C9=AE9,IF(D9=13,C9=AG9))))))))))) -> TRUE | AK9: =IF(D9=1,J9,IF(D9=2,N9,IF(D9=4,R9,IF(D9=6,T9,IF(D9=7,V9,IF(D9=8,X9,IF(D9=9,Z9))))))) -> EM00015656
A10: =_xlfn.XLOOKUP(C10,[1]Sheet2!$D:$D,[1]Sheet2!$C:$C) -> EM00015607 | B10: 1311 | C10: DH023-D | D10: 1 | E10: 11 | F10: 46266 | G10: 46295 | H10: EM00015607 | I10: DH023-D | J10: EM00015656 | K10: DH020-D | N10: EM00012371 | O10: RD11001 | P10: EM00000000 | R10: EM00000000 | T10: EM00000000 | V10: EM00013924 | W10: SSM01-D | X10: EM00000000 | Z10: EM00000000 | AB10: EM00000000 | AD10: EM00000000 | AI10: =IF(D10=1,A10=H10,IF(D10=2,A10=J10,IF(D10=4,A10=N10,IF(D10=6,A10=R10,IF(D10=7,A10=T10,IF(D10=8,A10=V10,IF(D10=9,A10=X10,IF(D10=10,A10=Z10,IF(D10=11,A10=AB10,IF(D10=12,A10=AD10,IF(D10=13,A10=AF10))))))))))) -> TRUE | AJ10: =IF(D10=1,C10=I10,IF(D10=2,C10=K10,IF(D10=4,C10=O10,IF(D10=6,C10=S10,IF(D10=7,C10=U10,IF(D10=8,C10=W10,IF(D10=9,C10=Y10,IF(D10=10,C10=AA10,IF(D10=11,C10=AC10,IF(D10=12,C10=AE10,IF(D10=13,C10=AG10))))))))))) -> TRUE | AK10: =IF(D10=1,J10,IF(D10=2,N10,IF(D10=4,R10,IF(D10=6,T10,IF(D10=7,V10,IF(D10=8,X10,IF(D10=9,Z10))))))) -> EM00015656
A11: =_xlfn.XLOOKUP(C11,[1]Sheet2!$D:$D,[1]Sheet2!$C:$C) -> EM00015608 | B11: 1311 | C11: DH024-D | D11: 1 | E11: 11 | F11: 46266 | G11: 46295 | H11: EM00015608 | I11: DH024-D | J11: EM00015656 | K11: DH020-D | N11: EM00012371 | O11: RD11001 | P11: EM00000000 | R11: EM00000000 | T11: EM00000000 | V11: EM00013924 | W11: SSM01-D | X11: EM00000000 | Z11: EM00000000 | AB11: EM00000000 | AD11: EM00000000 | AI11: =IF(D11=1,A11=H11,IF(D11=2,A11=J11,IF(D11=4,A11=N11,IF(D11=6,A11=R11,IF(D11=7,A11=T11,IF(D11=8,A11=V11,IF(D11=9,A11=X11,IF(D11=10,A11=Z11,IF(D11=11,A11=AB11,IF(D11=12,A11=AD11,IF(D11=13,A11=AF11))))))))))) -> TRUE | AJ11: =IF(D11=1,C11=I11,IF(D11=2,C11=K11,IF(D11=4,C11=O11,IF(D11=6,C11=S11,IF(D11=7,C11=U11,IF(D11=8,C11=W11,IF(D11=9,C11=Y11,IF(D11=10,C11=AA11,IF(D11=11,C11=AC11,IF(D11=12,C11=AE11,IF(D11=13,C11=AG11))))))))))) -> TRUE | AK11: =IF(D11=1,J11,IF(D11=2,N11,IF(D11=4,R11,IF(D11=6,T11,IF(D11=7,V11,IF(D11=8,X11,IF(D11=9,Z11))))))) -> EM00015656
A12: =_xlfn.XLOOKUP(C12,[1]Sheet2!$D:$D,[1]Sheet2!$C:$C) -> EM00000000 | B12: 1311 | C12: DH025-D | D12: 1 | E12: 11 | F12: 46266 | G12: 46295 | H12: EM00000000 | I12: DH025-D | J12: EM00015656 | K12: DH020-D | N12: EM00012371 | O12: RD11001 | P12: EM00000000 | R12: EM00000000 | T12: EM00000000 | V12: EM00013924 | W12: SSM01-D | X12: EM00000000 | Z12: EM00000000 | AB12: EM00000000 | AD12: EM00000000 | AI12: =IF(D12=1,A12=H12,IF(D12=2,A12=J12,IF(D12=4,A12=N12,IF(D12=6,A12=R12,IF(D12=7,A12=T12,IF(D12=8,A12=V12,IF(D12=9,A12=X12,IF(D12=10,A12=Z12,IF(D12=11,A12=AB12,IF(D12=12,A12=AD12,IF(D12=13,A12=AF12))))))))))) -> TRUE | AJ12: =IF(D12=1,C12=I12,IF(D12=2,C12=K12,IF(D12=4,C12=O12,IF(D12=6,C12=S12,IF(D12=7,C12=U12,IF(D12=8,C12=W12,IF(D12=9,C12=Y12,IF(D12=10,C12=AA12,IF(D12=11,C12=AC12,IF(D12=12,C12=AE12,IF(D12=13,C12=AG12))))))))))) -> TRUE | AK12: =IF(D12=1,J12,IF(D12=2,N12,IF(D12=4,R12,IF(D12=6,T12,IF(D12=7,V12,IF(D12=8,X12,IF(D12=9,Z12))))))) -> EM00015656
A13: =_xlfn.XLOOKUP(C13,[1]Sheet2!$D:$D,[1]Sheet2!$C:$C) -> EM00015656 | B13: 1311 | C13: DH020-D | D13: 2 | E13: 11 | F13: 46266 | G13: 46295 | J13: EM00015656 | K13: DH020-D | N13: EM00012371 | O13: RD11001 | P13: EM00000000 | R13: EM00000000 | T13: EM00000000 | V13: EM00013924 | W13: SSM01-D | X13: EM00000000 | Z13: EM00000000 | AB13: EM00000000 | AD13: EM00000000 | AI13: =IF(D13=1,A13=H13,IF(D13=2,A13=J13,IF(D13=4,A13=N13,IF(D13=6,A13=R13,IF(D13=7,A13=T13,IF(D13=8,A13=V13,IF(D13=9,A13=X13,IF(D13=10,A13=Z13,IF(D13=11,A13=AB13,IF(D13=12,A13=AD13,IF(D13=13,A13=AF13))))))))))) -> TRUE | AJ13: =IF(D13=1,C13=I13,IF(D13=2,C13=K13,IF(D13=4,C13=O13,IF(D13=6,C13=S13,IF(D13=7,C13=U13,IF(D13=8,C13=W13,IF(D13=9,C13=Y13,IF(D13=10,C13=AA13,IF(D13=11,C13=AC13,IF(D13=12,C13=AE13,IF(D13=13,C13=AG13))))))))))) -> TRUE | AK13: =IF(D13=1,J13,IF(D13=2,N13,IF(D13=4,R13,IF(D13=6,T13,IF(D13=7,V13,IF(D13=8,X13,IF(D13=9,Z13))))))) -> EM00012371
A14: =_xlfn.XLOOKUP(C14,[1]Sheet2!$D:$D,[1]Sheet2!$C:$C) -> EM00015621 | B14: 1311 | C14: DH031-D | D14: 1 | E14: 11 | F14: 46266 | G14: 46295 | H14: EM00015621 | I14: DH031-D | J14: EM00015661 | K14: DH030-D | N14: EM00012371 | O14: RD11001 | P14: EM00000000 | R14: EM00000000 | T14: EM00000000 | V14: EM00013924 | W14: SSM01-D | X14: EM00000000 | Z14: EM00000000 | AB14: EM00000000 | AD14: EM00000000 | AI14: =IF(D14=1,A14=H14,IF(D14=2,A14=J14,IF(D14=4,A14=N14,IF(D14=6,A14=R14,IF(D14=7,A14=T14,IF(D14=8,A14=V14,IF(D14=9,A14=X14,IF(D14=10,A14=Z14,IF(D14=11,A14=AB14,IF(D14=12,A14=AD14,IF(D14=13,A14=AF14))))))))))) -> TRUE | AJ14: =IF(D14=1,C14=I14,IF(D14=2,C14=K14,IF(D14=4,C14=O14,IF(D14=6,C14=S14,IF(D14=7,C14=U14,IF(D14=8,C14=W14,IF(D14=9,C14=Y14,IF(D14=10,C14=AA14,IF(D14=11,C14=AC14,IF(D14=12,C14=AE14,IF(D14=13,C14=AG14))))))))))) -> TRUE | AK14: =IF(D14=1,J14,IF(D14=2,N14,IF(D14=4,R14,IF(D14=6,T14,IF(D14=7,V14,IF(D14=8,X14,IF(D14=9,Z14))))))) -> EM00015661
A15: =_xlfn.XLOOKUP(C15,[1]Sheet2!$D:$D,[1]Sheet2!$C:$C) -> EM00015606 | B15: 1311 | C15: DH032-D | D15: 1 | E15: 11 | F15: 46266 | G15: 46295 | H15: EM00015606 | I15: DH032-D | J15: EM00015661 | K15: DH030-D | N15: EM00012371 | O15: RD11001 | P15: EM00000000 | R15: EM00000000 | T15: EM00000000 | V15: EM00013924 | W15: SSM01-D | X15: EM00000000 | Z15: EM00000000 | AB15: EM00000000 | AD15: EM00000000 | AI15: =IF(D15=1,A15=H15,IF(D15=2,A15=J15,IF(D15=4,A15=N15,IF(D15=6,A15=R15,IF(D15=7,A15=T15,IF(D15=8,A15=V15,IF(D15=9,A15=X15,IF(D15=10,A15=Z15,IF(D15=11,A15=AB15,IF(D15=12,A15=AD15,IF(D15=13,A15=AF15))))))))))) -> TRUE | AJ15: =IF(D15=1,C15=I15,IF(D15=2,C15=K15,IF(D15=4,C15=O15,IF(D15=6,C15=S15,IF(D15=7,C15=U15,IF(D15=8,C15=W15,IF(D15=9,C15=Y15,IF(D15=10,C15=AA15,IF(D15=11,C15=AC15,IF(D15=12,C15=AE15,IF(D15=13,C15=AG15))))))))))) -> TRUE | AK15: =IF(D15=1,J15,IF(D15=2,N15,IF(D15=4,R15,IF(D15=6,T15,IF(D15=7,V15,IF(D15=8,X15,IF(D15=9,Z15))))))) -> EM00015661
A16: =_xlfn.XLOOKUP(C16,[1]Sheet2!$D:$D,[1]Sheet2!$C:$C) -> EM00016045 | B16: 1311 | C16: DH033-D | D16: 1 | E16: 11 | F16: 46266 | G16: 46295 | H16: EM00016045 | I16: DH033-D | J16: EM00015661 | K16: DH030-D | N16: EM00012371 | O16: RD11001 | P16: EM00000000 | R16: EM00000000 | T16: EM00000000 | V16: EM00013924 | W16: SSM01-D | X16: EM00000000 | Z16: EM00000000 | AB16: EM00000000 | AD16: EM00000000 | AI16: =IF(D16=1,A16=H16,IF(D16=2,A16=J16,IF(D16=4,A16=N16,IF(D16=6,A16=R16,IF(D16=7,A16=T16,IF(D16=8,A16=V16,IF(D16=9,A16=X16,IF(D16=10,A16=Z16,IF(D16=11,A16=AB16,IF(D16=12,A16=AD16,IF(D16=13,A16=AF16))))))))))) -> TRUE | AJ16: =IF(D16=1,C16=I16,IF(D16=2,C16=K16,IF(D16=4,C16=O16,IF(D16=6,C16=S16,IF(D16=7,C16=U16,IF(D16=8,C16=W16,IF(D16=9,C16=Y16,IF(D16=10,C16=AA16,IF(D16=11,C16=AC16,IF(D16=12,C16=AE16,IF(D16=13,C16=AG16))))))))))) -> TRUE | AK16: =IF(D16=1,J16,IF(D16=2,N16,IF(D16=4,R16,IF(D16=6,T16,IF(D16=7,V16,IF(D16=8,X16,IF(D16=9,Z16))))))) -> EM00015661
A17: =_xlfn.XLOOKUP(C17,[1]Sheet2!$D:$D,[1]Sheet2!$C:$C) -> EM00000000 | B17: 1311 | C17: DH034-D | D17: 1 | E17: 11 | F17: 46266 | G17: 46295 | H17: EM00000000 | I17: DH034-D | J17: EM00015661 | K17: DH030-D | N17: EM00012371 | O17: RD11001 | P17: EM00000000 | R17: EM00000000 | T17: EM00000000 | V17: EM00013924 | W17: SSM01-D | X17: EM00000000 | Z17: EM00000000 | AB17: EM00000000 | AD17: EM00000000 | AI17: =IF(D17=1,A17=H17,IF(D17=2,A17=J17,IF(D17=4,A17=N17,IF(D17=6,A17=R17,IF(D17=7,A17=T17,IF(D17=8,A17=V17,IF(D17=9,A17=X17,IF(D17=10,A17=Z17,IF(D17=11,A17=AB17,IF(D17=12,A17=AD17,IF(D17=13,A17=AF17))))))))))) -> TRUE | AJ17: =IF(D17=1,C17=I17,IF(D17=2,C17=K17,IF(D17=4,C17=O17,IF(D17=6,C17=S17,IF(D17=7,C17=U17,IF(D17=8,C17=W17,IF(D17=9,C17=Y17,IF(D17=10,C17=AA17,IF(D17=11,C17=AC17,IF(D17=12,C17=AE17,IF(D17=13,C17=AG17))))))))))) -> TRUE | AK17: =IF(D17=1,J17,IF(D17=2,N17,IF(D17=4,R17,IF(D17=6,T17,IF(D17=7,V17,IF(D17=8,X17,IF(D17=9,Z17))))))) -> EM00015661
A18: =_xlfn.XLOOKUP(C18,[1]Sheet2!$D:$D,[1]Sheet2!$C:$C) -> EM00000000 | B18: 1311 | C18: DH035-D | D18: 1 | E18: 11 | F18: 46266 | G18: 46295 | H18: EM00000000 | I18: DH035-D | J18: EM00015661 | K18: DH030-D | N18: EM00012371 | O18: RD11001 | P18: EM00000000 | R18: EM00000000 | T18: EM00000000 | V18: EM00013924 | W18: SSM01-D | X18: EM00000000 | Z18: EM00000000 | AB18: EM00000000 | AD18: EM00000000 | AI18: =IF(D18=1,A18=H18,IF(D18=2,A18=J18,IF(D18=4,A18=N18,IF(D18=6,A18=R18,IF(D18=7,A18=T18,IF(D18=8,A18=V18,IF(D18=9,A18=X18,IF(D18=10,A18=Z18,IF(D18=11,A18=AB18,IF(D18=12,A18=AD18,IF(D18=13,A18=AF18))))))))))) -> TRUE | AJ18: =IF(D18=1,C18=I18,IF(D18=2,C18=K18,IF(D18=4,C18=O18,IF(D18=6,C18=S18,IF(D18=7,C18=U18,IF(D18=8,C18=W18,IF(D18=9,C18=Y18,IF(D18=10,C18=AA18,IF(D18=11,C18=AC18,IF(D18=12,C18=AE18,IF(D18=13,C18=AG18))))))))))) -> TRUE | AK18: =IF(D18=1,J18,IF(D18=2,N18,IF(D18=4,R18,IF(D18=6,T18,IF(D18=7,V18,IF(D18=8,X18,IF(D18=9,Z18))))))) -> EM00015661
A19: =_xlfn.XLOOKUP(C19,[1]Sheet2!$D:$D,[1]Sheet2!$C:$C) -> EM00015661 | B19: 1311 | C19: DH030-D | D19: 2 | E19: 11 | F19: 46266 | G19: 46295 | J19: EM00015661 | K19: DH030-D | N19: EM00012371 | O19: RD11001 | P19: EM00000000 | R19: EM00000000 | T19: EM00000000 | V19: EM00013924 | W19: SSM01-D | X19: EM00000000 | Z19: EM00000000 | AB19: EM00000000 | AD19: EM00000000 | AI19: =IF(D19=1,A19=H19,IF(D19=2,A19=J19,IF(D19=4,A19=N19,IF(D19=6,A19=R19,IF(D19=7,A19=T19,IF(D19=8,A19=V19,IF(D19=9,A19=X19,IF(D19=10,A19=Z19,IF(D19=11,A19=AB19,IF(D19=12,A19=AD19,IF(D19=13,A19=AF19))))))))))) -> TRUE | AJ19: =IF(D19=1,C19=I19,IF(D19=2,C19=K19,IF(D19=4,C19=O19,IF(D19=6,C19=S19,IF(D19=7,C19=U19,IF(D19=8,C19=W19,IF(D19=9,C19=Y19,IF(D19=10,C19=AA19,IF(D19=11,C19=AC19,IF(D19=12,C19=AE19,IF(D19=13,C19=AG19))))))))))) -> TRUE | AK19: =IF(D19=1,J19,IF(D19=2,N19,IF(D19=4,R19,IF(D19=6,T19,IF(D19=7,V19,IF(D19=8,X19,IF(D19=9,Z19))))))) -> EM00012371
A20: =_xlfn.XLOOKUP(C20,[1]Sheet2!$D:$D,[1]Sheet2!$C:$C) -> EM00015983 | B20: 1310 | C20: PA011-D | D20: 1 | E20: 11 | F20: 46266 | G20: 46295 | H20: EM00015983 | I20: PA011-D | J20: EM00007671 | K20: PA010-D | N20: EM00012371 | O20: RD11001 | P20: EM00000000 | R20: EM00000000 | T20: EM00000000 | V20: EM00013924 | W20: SSM01-D | X20: EM00000000 | Z20: EM00000000 | AB20: EM00000000 | AD20: EM00000000 | AI20: =IF(D20=1,A20=H20,IF(D20=2,A20=J20,IF(D20=4,A20=N20,IF(D20=6,A20=R20,IF(D20=7,A20=T20,IF(D20=8,A20=V20,IF(D20=9,A20=X20,IF(D20=10,A20=Z20,IF(D20=11,A20=AB20,IF(D20=12,A20=AD20,IF(D20=13,A20=AF20))))))))))) -> TRUE | AJ20: =IF(D20=1,C20=I20,IF(D20=2,C20=K20,IF(D20=4,C20=O20,IF(D20=6,C20=S20,IF(D20=7,C20=U20,IF(D20=8,C20=W20,IF(D20=9,C20=Y20,IF(D20=10,C20=AA20,IF(D20=11,C20=AC20,IF(D20=12,C20=AE20,IF(D20=13,C20=AG20))))))))))) -> TRUE | AK20: =IF(D20=1,J20,IF(D20=2,N20,IF(D20=4,R20,IF(D20=6,T20,IF(D20=7,V20,IF(D20=8,X20,IF(D20=9,Z20))))))) -> EM00007671
A21: =_xlfn.XLOOKUP(C21,[1]Sheet2!$D:$D,[1]Sheet2!$C:$C) -> EM00015722 | B21: 1310 | C21: PA012-D | D21: 1 | E21: 11 | F21: 46266 | G21: 46295 | H21: EM00015722 | I21: PA012-D | J21: EM00007671 | K21: PA010-D | N21: EM00012371 | O21: RD11001 | P21: EM00000000 | R21: EM00000000 | T21: EM00000000 | V21: EM00013924 | W21: SSM01-D | X21: EM00000000 | Z21: EM00000000 | AB21: EM00000000 | AD21: EM00000000 | AI21: =IF(D21=1,A21=H21,IF(D21=2,A21=J21,IF(D21=4,A21=N21,IF(D21=6,A21=R21,IF(D21=7,A21=T21,IF(D21=8,A21=V21,IF(D21=9,A21=X21,IF(D21=10,A21=Z21,IF(D21=11,A21=AB21,IF(D21=12,A21=AD21,IF(D21=13,A21=AF21))))))))))) -> TRUE | AJ21: =IF(D21=1,C21=I21,IF(D21=2,C21=K21,IF(D21=4,C21=O21,IF(D21=6,C21=S21,IF(D21=7,C21=U21,IF(D21=8,C21=W21,IF(D21=9,C21=Y21,IF(D21=10,C21=AA21,IF(D21=11,C21=AC21,IF(D21=12,C21=AE21,IF(D21=13,C21=AG21))))))))))) -> TRUE | AK21: =IF(D21=1,J21,IF(D21=2,N21,IF(D21=4,R21,IF(D21=6,T21,IF(D21=7,V21,IF(D21=8,X21,IF(D21=9,Z21))))))) -> EM00007671
A22: =_xlfn.XLOOKUP(C22,[1]Sheet2!$D:$D,[1]Sheet2!$C:$C) -> EM00016052 | B22: 1310 | C22: PA013-D | D22: 1 | E22: 11 | F22: 46266 | G22: 46295 | H22: EM00016052 | I22: PA013-D | J22: EM00007671 | K22: PA010-D | N22: EM00012371 | O22: RD11001 | P22: EM00000000 | R22: EM00000000 | T22: EM00000000 | V22: EM00013924 | W22: SSM01-D | X22: EM00000000 | Z22: EM00000000 | AB22: EM00000000 | AD22: EM00000000 | AI22: =IF(D22=1,A22=H22,IF(D22=2,A22=J22,IF(D22=4,A22=N22,IF(D22=6,A22=R22,IF(D22=7,A22=T22,IF(D22=8,A22=V22,IF(D22=9,A22=X22,IF(D22=10,A22=Z22,IF(D22=11,A22=AB22,IF(D22=12,A22=AD22,IF(D22=13,A22=AF22))))))))))) -> TRUE | AJ22: =IF(D22=1,C22=I22,IF(D22=2,C22=K22,IF(D22=4,C22=O22,IF(D22=6,C22=S22,IF(D22=7,C22=U22,IF(D22=8,C22=W22,IF(D22=9,C22=Y22,IF(D22=10,C22=AA22,IF(D22=11,C22=AC22,IF(D22=12,C22=AE22,IF(D22=13,C22=AG22))))))))))) -> TRUE | AK22: =IF(D22=1,J22,IF(D22=2,N22,IF(D22=4,R22,IF(D22=6,T22,IF(D22=7,V22,IF(D22=8,X22,IF(D22=9,Z22))))))) -> EM00007671
A23: =_xlfn.XLOOKUP(C23,[1]Sheet2!$D:$D,[1]Sheet2!$C:$C) -> EM00015723 | B23: 1310 | C23: PA014-D | D23: 1 | E23: 11 | F23: 46266 | G23: 46295 | H23: EM00015723 | I23: PA014-D | J23: EM00007671 | K23: PA010-D | N23: EM00012371 | O23: RD11001 | P23: EM00000000 | R23: EM00000000 | T23: EM00000000 | V23: EM00013924 | W23: SSM01-D | X23: EM00000000 | Z23: EM00000000 | AB23: EM00000000 | AD23: EM00000000 | AI23: =IF(D23=1,A23=H23,IF(D23=2,A23=J23,IF(D23=4,A23=N23,IF(D23=6,A23=R23,IF(D23=7,A23=T23,IF(D23=8,A23=V23,IF(D23=9,A23=X23,IF(D23=10,A23=Z23,IF(D23=11,A23=AB23,IF(D23=12,A23=AD23,IF(D23=13,A23=AF23))))))))))) -> TRUE | AJ23: =IF(D23=1,C23=I23,IF(D23=2,C23=K23,IF(D23=4,C23=O23,IF(D23=6,C23=S23,IF(D23=7,C23=U23,IF(D23=8,C23=W23,IF(D23=9,C23=Y23,IF(D23=10,C23=AA23,IF(D23=11,C23=AC23,IF(D23=12,C23=AE23,IF(D23=13,C23=AG23))))))))))) -> TRUE | AK23: =IF(D23=1,J23,IF(D23=2,N23,IF(D23=4,R23,IF(D23=6,T23,IF(D23=7,V23,IF(D23=8,X23,IF(D23=9,Z23))))))) -> EM00007671
A24: =_xlfn.XLOOKUP(C24,[1]Sheet2!$D:$D,[1]Sheet2!$C:$C) -> EM00015582 | B24: 1310 | C24: PA015-D | D24: 1 | E24: 11 | F24: 46266 | G24: 46295 | H24: EM00015582 | I24: PA015-D | J24: EM00007671 | K24: PA010-D | N24: EM00012371 | O24: RD11001 | P24: EM00000000 | R24: EM00000000 | T24: EM00000000 | V24: EM00013924 | W24: SSM01-D | X24: EM00000000 | Z24: EM00000000 | AB24: EM00000000 | AD24: EM00000000 | AI24: =IF(D24=1,A24=H24,IF(D24=2,A24=J24,IF(D24=4,A24=N24,IF(D24=6,A24=R24,IF(D24=7,A24=T24,IF(D24=8,A24=V24,IF(D24=9,A24=X24,IF(D24=10,A24=Z24,IF(D24=11,A24=AB24,IF(D24=12,A24=AD24,IF(D24=13,A24=AF24))))))))))) -> TRUE | AJ24: =IF(D24=1,C24=I24,IF(D24=2,C24=K24,IF(D24=4,C24=O24,IF(D24=6,C24=S24,IF(D24=7,C24=U24,IF(D24=8,C24=W24,IF(D24=9,C24=Y24,IF(D24=10,C24=AA24,IF(D24=11,C24=AC24,IF(D24=12,C24=AE24,IF(D24=13,C24=AG24))))))))))) -> TRUE | AK24: =IF(D24=1,J24,IF(D24=2,N24,IF(D24=4,R24,IF(D24=6,T24,IF(D24=7,V24,IF(D24=8,X24,IF(D24=9,Z24))))))) -> EM00007671
A25: =_xlfn.XLOOKUP(C25,[1]Sheet2!$D:$D,[1]Sheet2!$C:$C) -> EM00016053 | B25: 1310 | C25: PA016-D | D25: 1 | E25: 11 | F25: 46266 | G25: 46295 | H25: EM00016053 | I25: PA016-D | J25: EM00007671 | K25: PA010-D | N25: EM00012371 | O25: RD11001 | P25: EM00000000 | R25: EM00000000 | T25: EM00000000 | V25: EM00013924 | W25: SSM01-D | X25: EM00000000 | Z25: EM00000000 | AB25: EM00000000 | AD25: EM00000000 | AI25: =IF(D25=1,A25=H25,IF(D25=2,A25=J25,IF(D25=4,A25=N25,IF(D25=6,A25=R25,IF(D25=7,A25=T25,IF(D25=8,A25=V25,IF(D25=9,A25=X25,IF(D25=10,A25=Z25,IF(D25=11,A25=AB25,IF(D25=12,A25=AD25,IF(D25=13,A25=AF25))))))))))) -> TRUE | AJ25: =IF(D25=1,C25=I25,IF(D25=2,C25=K25,IF(D25=4,C25=O25,IF(D25=6,C25=S25,IF(D25=7,C25=U25,IF(D25=8,C25=W25,IF(D25=9,C25=Y25,IF(D25=10,C25=AA25,IF(D25=11,C25=AC25,IF(D25=12,C25=AE25,IF(D25=13,C25=AG25))))))))))) -> TRUE | AK25: =IF(D25=1,J25,IF(D25=2,N25,IF(D25=4,R25,IF(D25=6,T25,IF(D25=7,V25,IF(D25=8,X25,IF(D25=9,Z25))))))) -> EM00007671
A26: =_xlfn.XLOOKUP(C26,[1]Sheet2!$D:$D,[1]Sheet2!$C:$C) -> EM00007671 | B26: 1310 | C26: PA010-D | D26: 2 | E26: 11 | F26: 46266 | G26: 46295 | J26: EM00007671 | K26: PA010-D | N26: EM00012371 | O26: RD11001 | P26: EM00000000 | R26: EM00000000 | T26: EM00000000 | V26: EM00013924 | W26: SSM01-D | X26: EM00000000 | Z26: EM00000000 | AB26: EM00000000 | AD26: EM00000000 | AI26: =IF(D26=1,A26=H26,IF(D26=2,A26=J26,IF(D26=4,A26=N26,IF(D26=6,A26=R26,IF(D26=7,A26=T26,IF(D26=8,A26=V26,IF(D26=9,A26=X26,IF(D26=10,A26=Z26,IF(D26=11,A26=AB26,IF(D26=12,A26=AD26,IF(D26=13,A26=AF26))))))))))) -> TRUE | AJ26: =IF(D26=1,C26=I26,IF(D26=2,C26=K26,IF(D26=4,C26=O26,IF(D26=6,C26=S26,IF(D26=7,C26=U26,IF(D26=8,C26=W26,IF(D26=9,C26=Y26,IF(D26=10,C26=AA26,IF(D26=11,C26=AC26,IF(D26=12,C26=AE26,IF(D26=13,C26=AG26))))))))))) -> TRUE | AK26: =IF(D26=1,J26,IF(D26=2,N26,IF(D26=4,R26,IF(D26=6,T26,IF(D26=7,V26,IF(D26=8,X26,IF(D26=9,Z26))))))) -> EM00012371
A27: =_xlfn.XLOOKUP(C27,[1]Sheet2!$D:$D,[1]Sheet2!$C:$C) -> EM00015734 | B27: 1311 | C27: DH041-D | D27: 1 | E27: 11 | F27: 46266 | G27: 46295 | H27: EM00015734 | I27: DH041-D | J27: EM00000000 | K27: DH040-D | N27: EM00012371 | O27: RD11001 | P27: EM00000000 | R27: EM00000000 | T27: EM00000000 | V27: EM00013924 | W27: SSM01-D | X27: EM00000000 | Z27: EM00000000 | AB27: EM00000000 | AD27: EM00000000 | AI27: =IF(D27=1,A27=H27,IF(D27=2,A27=J27,IF(D27=4,A27=N27,IF(D27=6,A27=R27,IF(D27=7,A27=T27,IF(D27=8,A27=V27,IF(D27=9,A27=X27,IF(D27=10,A27=Z27,IF(D27=11,A27=AB27,IF(D27=12,A27=AD27,IF(D27=13,A27=AF27))))))))))) -> TRUE | AJ27: =IF(D27=1,C27=I27,IF(D27=2,C27=K27,IF(D27=4,C27=O27,IF(D27=6,C27=S27,IF(D27=7,C27=U27,IF(D27=8,C27=W27,IF(D27=9,C27=Y27,IF(D27=10,C27=AA27,IF(D27=11,C27=AC27,IF(D27=12,C27=AE27,IF(D27=13,C27=AG27))))))))))) -> TRUE | AK27: =IF(D27=1,J27,IF(D27=2,N27,IF(D27=4,R27,IF(D27=6,T27,IF(D27=7,V27,IF(D27=8,X27,IF(D27=9,Z27))))))) -> EM00000000
A28: =_xlfn.XLOOKUP(C28,[1]Sheet2!$D:$D,[1]Sheet2!$C:$C) -> EM00015992 | B28: 1311 | C28: DH042-D | D28: 1 | E28: 11 | F28: 46266 | G28: 46295 | H28: EM00015992 | I28: DH042-D | J28: EM00000000 | K28: DH040-D | N28: EM00012371 | O28: RD11001 | P28: EM00000000 | R28: EM00000000 | T28: EM00000000 | V28: EM00013924 | W28: SSM01-D | X28: EM00000000 | Z28: EM00000000 | AB28: EM00000000 | AD28: EM00000000 | AI28: =IF(D28=1,A28=H28,IF(D28=2,A28=J28,IF(D28=4,A28=N28,IF(D28=6,A28=R28,IF(D28=7,A28=T28,IF(D28=8,A28=V28,IF(D28=9,A28=X28,IF(D28=10,A28=Z28,IF(D28=11,A28=AB28,IF(D28=12,A28=AD28,IF(D28=13,A28=AF28))))))))))) -> TRUE | AJ28: =IF(D28=1,C28=I28,IF(D28=2,C28=K28,IF(D28=4,C28=O28,IF(D28=6,C28=S28,IF(D28=7,C28=U28,IF(D28=8,C28=W28,IF(D28=9,C28=Y28,IF(D28=10,C28=AA28,IF(D28=11,C28=AC28,IF(D28=12,C28=AE28,IF(D28=13,C28=AG28))))))))))) -> TRUE | AK28: =IF(D28=1,J28,IF(D28=2,N28,IF(D28=4,R28,IF(D28=6,T28,IF(D28=7,V28,IF(D28=8,X28,IF(D28=9,Z28))))))) -> EM00000000
A29: =_xlfn.XLOOKUP(C29,[1]Sheet2!$D:$D,[1]Sheet2!$C:$C) -> EM00015586 | B29: 1311 | C29: DH043-D | D29: 1 | E29: 11 | F29: 46266 | G29: 46295 | H29: EM00015586 | I29: DH043-D | J29: EM00000000 | K29: DH040-D | N29: EM00012371 | O29: RD11001 | P29: EM00000000 | R29: EM00000000 | T29: EM00000000 | V29: EM00013924 | W29: SSM01-D | X29: EM00000000 | Z29: EM00000000 | AB29: EM00000000 | AD29: EM00000000 | AI29: =IF(D29=1,A29=H29,IF(D29=2,A29=J29,IF(D29=4,A29=N29,IF(D29=6,A29=R29,IF(D29=7,A29=T29,IF(D29=8,A29=V29,IF(D29=9,A29=X29,IF(D29=10,A29=Z29,IF(D29=11,A29=AB29,IF(D29=12,A29=AD29,IF(D29=13,A29=AF29))))))))))) -> TRUE | AJ29: =IF(D29=1,C29=I29,IF(D29=2,C29=K29,IF(D29=4,C29=O29,IF(D29=6,C29=S29,IF(D29=7,C29=U29,IF(D29=8,C29=W29,IF(D29=9,C29=Y29,IF(D29=10,C29=AA29,IF(D29=11,C29=AC29,IF(D29=12,C29=AE29,IF(D29=13,C29=AG29))))))))))) -> TRUE | AK29: =IF(D29=1,J29,IF(D29=2,N29,IF(D29=4,R29,IF(D29=6,T29,IF(D29=7,V29,IF(D29=8,X29,IF(D29=9,Z29))))))) -> EM00000000
A30: =_xlfn.XLOOKUP(C30,[1]Sheet2!$D:$D,[1]Sheet2!$C:$C) -> EM00015736 | B30: 1311 | C30: DH044-D | D30: 1 | E30: 11 | F30: 46266 | G30: 46295 | H30: EM00015736 | I30: DH044-D | J30: EM00000000 | K30: DH040-D | N30: EM00012371 | O30: RD11001 | P30: EM00000000 | R30: EM00000000 | T30: EM00000000 | V30: EM00013924 | W30: SSM01-D | X30: EM00000000 | Z30: EM00000000 | AB30: EM00000000 | AD30: EM00000000 | AI30: =IF(D30=1,A30=H30,IF(D30=2,A30=J30,IF(D30=4,A30=N30,IF(D30=6,A30=R30,IF(D30=7,A30=T30,IF(D30=8,A30=V30,IF(D30=9,A30=X30,IF(D30=10,A30=Z30,IF(D30=11,A30=AB30,IF(D30=12,A30=AD30,IF(D30=13,A30=AF30))))))))))) -> TRUE | AJ30: =IF(D30=1,C30=I30,IF(D30=2,C30=K30,IF(D30=4,C30=O30,IF(D30=6,C30=S30,IF(D30=7,C30=U30,IF(D30=8,C30=W30,IF(D30=9,C30=Y30,IF(D30=10,C30=AA30,IF(D30=11,C30=AC30,IF(D30=12,C30=AE30,IF(D30=13,C30=AG30))))))))))) -> TRUE | AK30: =IF(D30=1,J30,IF(D30=2,N30,IF(D30=4,R30,IF(D30=6,T30,IF(D30=7,V30,IF(D30=8,X30,IF(D30=9,Z30))))))) -> EM00000000
A31: =_xlfn.XLOOKUP(C31,[1]Sheet2!$D:$D,[1]Sheet2!$C:$C) -> EM00000000 | B31: 1311 | C31: DH040-D | D31: 2 | E31: 11 | F31: 46266 | G31: 46295 | J31: EM00000000 | K31: DH040-D | N31: EM00012371 | O31: RD11001 | P31: EM00000000 | R31: EM00000000 | T31: EM00000000 | V31: EM00013924 | W31: SSM01-D | X31: EM00000000 | Z31: EM00000000 | AB31: EM00000000 | AD31: EM00000000 | AI31: =IF(D31=1,A31=H31,IF(D31=2,A31=J31,IF(D31=4,A31=N31,IF(D31=6,A31=R31,IF(D31=7,A31=T31,IF(D31=8,A31=V31,IF(D31=9,A31=X31,IF(D31=10,A31=Z31,IF(D31=11,A31=AB31,IF(D31=12,A31=AD31,IF(D31=13,A31=AF31))))))))))) -> TRUE | AJ31: =IF(D31=1,C31=I31,IF(D31=2,C31=K31,IF(D31=4,C31=O31,IF(D31=6,C31=S31,IF(D31=7,C31=U31,IF(D31=8,C31=W31,IF(D31=9,C31=Y31,IF(D31=10,C31=AA31,IF(D31=11,C31=AC31,IF(D31=12,C31=AE31,IF(D31=13,C31=AG31))))))))))) -> TRUE | AK31: =IF(D31=1,J31,IF(D31=2,N31,IF(D31=4,R31,IF(D31=6,T31,IF(D31=7,V31,IF(D31=8,X31,IF(D31=9,Z31))))))) -> EM00012371
A32: EM00012371 | B32: 1311 | C32: RD11001 | D32: 4 | E32: 11 | F32: 46266 | G32: 46295 | N32: EM00012371 | O32: RD11001 | P32: EM00000000 | R32: EM00000000 | T32: EM00000000 | V32: EM00013924 | W32: SSM01-D | X32: EM00000000 | Z32: EM00000000 | AB32: EM00000000 | AD32: EM00000000 | AI32: =IF(D32=1,A32=H32,IF(D32=2,A32=J32,IF(D32=4,A32=N32,IF(D32=6,A32=R32,IF(D32=7,A32=T32,IF(D32=8,A32=V32,IF(D32=9,A32=X32,IF(D32=10,A32=Z32,IF(D32=11,A32=AB32,IF(D32=12,A32=AD32,IF(D32=13,A32=AF32))))))))))) -> TRUE | AJ32: =IF(D32=1,C32=I32,IF(D32=2,C32=K32,IF(D32=4,C32=O32,IF(D32=6,C32=S32,IF(D32=7,C32=U32,IF(D32=8,C32=W32,IF(D32=9,C32=Y32,IF(D32=10,C32=AA32,IF(D32=11,C32=AC32,IF(D32=12,C32=AE32,IF(D32=13,C32=AG32))))))))))) -> TRUE | AK32: =IF(D32=1,J32,IF(D32=2,N32,IF(D32=4,R32,IF(D32=6,T32,IF(D32=7,V32,IF(D32=8,X32,IF(D32=9,Z32))))))) -> EM00000000
A33: EM00012371 | B33: 1310 | C33: RD11001 | D33: 4 | E33: 11 | F33: 46266 | G33: 46295 | N33: EM00012371 | O33: RD11001 | P33: EM00000000 | R33: EM00000000 | T33: EM00000000 | V33: EM00013924 | W33: SSM01-D | X33: EM00000000 | Z33: EM00000000 | AB33: EM00000000 | AD33: EM00000000 | AI33: =IF(D33=1,A33=H33,IF(D33=2,A33=J33,IF(D33=4,A33=N33,IF(D33=6,A33=R33,IF(D33=7,A33=T33,IF(D33=8,A33=V33,IF(D33=9,A33=X33,IF(D33=10,A33=Z33,IF(D33=11,A33=AB33,IF(D33=12,A33=AD33,IF(D33=13,A33=AF33))))))))))) -> TRUE | AJ33: =IF(D33=1,C33=I33,IF(D33=2,C33=K33,IF(D33=4,C33=O33,IF(D33=6,C33=S33,IF(D33=7,C33=U33,IF(D33=8,C33=W33,IF(D33=9,C33=Y33,IF(D33=10,C33=AA33,IF(D33=11,C33=AC33,IF(D33=12,C33=AE33,IF(D33=13,C33=AG33))))))))))) -> TRUE | AK33: =IF(D33=1,J33,IF(D33=2,N33,IF(D33=4,R33,IF(D33=6,T33,IF(D33=7,V33,IF(D33=8,X33,IF(D33=9,Z33))))))) -> EM00000000
A34: =_xlfn.XLOOKUP(C34,[1]Sheet2!$D:$D,[1]Sheet2!$C:$C) -> EM00015760 | B34: 1334 | C34: KI011-D | D34: 1 | E34: 11 | F34: 46266 | G34: 46295 | H34: EM00015760 | I34: KI011-D | J34: EM00000000 | K34: KI010-D | N34: EM00015556 | O34: RD11003 | P34: EM00000000 | R34: EM00000000 | T34: EM00000000 | V34: EM00013924 | W34: SSM01-D | X34: EM00000000 | Z34: EM00000000 | AB34: EM00000000 | AD34: EM00000000 | AI34: =IF(D34=1,A34=H34,IF(D34=2,A34=J34,IF(D34=4,A34=N34,IF(D34=6,A34=R34,IF(D34=7,A34=T34,IF(D34=8,A34=V34,IF(D34=9,A34=X34,IF(D34=10,A34=Z34,IF(D34=11,A34=AB34,IF(D34=12,A34=AD34,IF(D34=13,A34=AF34))))))))))) -> TRUE | AJ34: =IF(D34=1,C34=I34,IF(D34=2,C34=K34,IF(D34=4,C34=O34,IF(D34=6,C34=S34,IF(D34=7,C34=U34,IF(D34=8,C34=W34,IF(D34=9,C34=Y34,IF(D34=10,C34=AA34,IF(D34=11,C34=AC34,IF(D34=12,C34=AE34,IF(D34=13,C34=AG34))))))))))) -> TRUE | AK34: =IF(D34=1,J34,IF(D34=2,N34,IF(D34=4,R34,IF(D34=6,T34,IF(D34=7,V34,IF(D34=8,X34,IF(D34=9,Z34))))))) -> EM00000000
A35: =_xlfn.XLOOKUP(C35,[1]Sheet2!$D:$D,[1]Sheet2!$C:$C) -> EM00015759 | B35: 1334 | C35: KI012-D | D35: 1 | E35: 11 | F35: 46266 | G35: 46295 | H35: EM00015759 | I35: KI012-D | J35: EM00000000 | K35: KI010-D | N35: EM00015556 | O35: RD11003 | P35: EM00000000 | R35: EM00000000 | T35: EM00000000 | V35: EM00013924 | W35: SSM01-D | X35: EM00000000 | Z35: EM00000000 | AB35: EM00000000 | AD35: EM00000000 | AI35: =IF(D35=1,A35=H35,IF(D35=2,A35=J35,IF(D35=4,A35=N35,IF(D35=6,A35=R35,IF(D35=7,A35=T35,IF(D35=8,A35=V35,IF(D35=9,A35=X35,IF(D35=10,A35=Z35,IF(D35=11,A35=AB35,IF(D35=12,A35=AD35,IF(D35=13,A35=AF35))))))))))) -> TRUE | AJ35: =IF(D35=1,C35=I35,IF(D35=2,C35=K35,IF(D35=4,C35=O35,IF(D35=6,C35=S35,IF(D35=7,C35=U35,IF(D35=8,C35=W35,IF(D35=9,C35=Y35,IF(D35=10,C35=AA35,IF(D35=11,C35=AC35,IF(D35=12,C35=AE35,IF(D35=13,C35=AG35))))))))))) -> TRUE | AK35: =IF(D35=1,J35,IF(D35=2,N35,IF(D35=4,R35,IF(D35=6,T35,IF(D35=7,V35,IF(D35=8,X35,IF(D35=9,Z35))))))) -> EM00000000
A36: =_xlfn.XLOOKUP(C36,[1]Sheet2!$D:$D,[1]Sheet2!$C:$C) -> EM00016027 | B36: 1334 | C36: KI013-D | D36: 1 | E36: 11 | F36: 46266 | G36: 46295 | H36: EM00016027 | I36: KI013-D | J36: EM00000000 | K36: KI010-D | N36: EM00015556 | O36: RD11003 | P36: EM00000000 | R36: EM00000000 | T36: EM00000000 | V36: EM00013924 | W36: SSM01-D | X36: EM00000000 | Z36: EM00000000 | AB36: EM00000000 | AD36: EM00000000 | AI36: =IF(D36=1,A36=H36,IF(D36=2,A36=J36,IF(D36=4,A36=N36,IF(D36=6,A36=R36,IF(D36=7,A36=T36,IF(D36=8,A36=V36,IF(D36=9,A36=X36,IF(D36=10,A36=Z36,IF(D36=11,A36=AB36,IF(D36=12,A36=AD36,IF(D36=13,A36=AF36))))))))))) -> TRUE | AJ36: =IF(D36=1,C36=I36,IF(D36=2,C36=K36,IF(D36=4,C36=O36,IF(D36=6,C36=S36,IF(D36=7,C36=U36,IF(D36=8,C36=W36,IF(D36=9,C36=Y36,IF(D36=10,C36=AA36,IF(D36=11,C36=AC36,IF(D36=12,C36=AE36,IF(D36=13,C36=AG36))))))))))) -> TRUE | AK36: =IF(D36=1,J36,IF(D36=2,N36,IF(D36=4,R36,IF(D36=6,T36,IF(D36=7,V36,IF(D36=8,X36,IF(D36=9,Z36))))))) -> EM00000000
A37: =_xlfn.XLOOKUP(C37,[1]Sheet2!$D:$D,[1]Sheet2!$C:$C) -> EM00015997 | B37: 1334 | C37: KI014-D | D37: 1 | E37: 11 | F37: 46266 | G37: 46295 | H37: EM00015997 | I37: KI014-D | J37: EM00000000 | K37: KI010-D | N37: EM00015556 | O37: RD11003 | P37: EM00000000 | R37: EM00000000 | T37: EM00000000 | V37: EM00013924 | W37: SSM01-D | X37: EM00000000 | Z37: EM00000000 | AB37: EM00000000 | AD37: EM00000000 | AI37: =IF(D37=1,A37=H37,IF(D37=2,A37=J37,IF(D37=4,A37=N37,IF(D37=6,A37=R37,IF(D37=7,A37=T37,IF(D37=8,A37=V37,IF(D37=9,A37=X37,IF(D37=10,A37=Z37,IF(D37=11,A37=AB37,IF(D37=12,A37=AD37,IF(D37=13,A37=AF37))))))))))) -> TRUE | AJ37: =IF(D37=1,C37=I37,IF(D37=2,C37=K37,IF(D37=4,C37=O37,IF(D37=6,C37=S37,IF(D37=7,C37=U37,IF(D37=8,C37=W37,IF(D37=9,C37=Y37,IF(D37=10,C37=AA37,IF(D37=11,C37=AC37,IF(D37=12,C37=AE37,IF(D37=13,C37=AG37))))))))))) -> TRUE | AK37: =IF(D37=1,J37,IF(D37=2,N37,IF(D37=4,R37,IF(D37=6,T37,IF(D37=7,V37,IF(D37=8,X37,IF(D37=9,Z37))))))) -> EM00000000
A38: =_xlfn.XLOOKUP(C38,[1]Sheet2!$D:$D,[1]Sheet2!$C:$C) -> EM00000000 | B38: 1334 | C38: KI015-D | D38: 1 | E38: 11 | F38: 46266 | G38: 46295 | H38: EM00000000 | I38: KI015-D | J38: EM00000000 | K38: KI010-D | N38: EM00015556 | O38: RD11003 | P38: EM00000000 | R38: EM00000000 | T38: EM00000000 | V38: EM00013924 | W38: SSM01-D | X38: EM00000000 | Z38: EM00000000 | AB38: EM00000000 | AD38: EM00000000 | AI38: =IF(D38=1,A38=H38,IF(D38=2,A38=J38,IF(D38=4,A38=N38,IF(D38=6,A38=R38,IF(D38=7,A38=T38,IF(D38=8,A38=V38,IF(D38=9,A38=X38,IF(D38=10,A38=Z38,IF(D38=11,A38=AB38,IF(D38=12,A38=AD38,IF(D38=13,A38=AF38))))))))))) -> TRUE | AJ38: =IF(D38=1,C38=I38,IF(D38=2,C38=K38,IF(D38=4,C38=O38,IF(D38=6,C38=S38,IF(D38=7,C38=U38,IF(D38=8,C38=W38,IF(D38=9,C38=Y38,IF(D38=10,C38=AA38,IF(D38=11,C38=AC38,IF(D38=12,C38=AE38,IF(D38=13,C38=AG38))))))))))) -> TRUE | AK38: =IF(D38=1,J38,IF(D38=2,N38,IF(D38=4,R38,IF(D38=6,T38,IF(D38=7,V38,IF(D38=8,X38,IF(D38=9,Z38))))))) -> EM00000000
A39: =_xlfn.XLOOKUP(C39,[1]Sheet2!$D:$D,[1]Sheet2!$C:$C) -> EM00016516 | B39: 1334 | C39: KI010-D | D39: 2 | E39: 11 | F39: 46266 | G39: 46295 | J39: EM00016516 | K39: KI010-D | N39: EM00015556 | O39: RD11003 | P39: EM00000000 | R39: EM00000000 | T39: EM00000000 | V39: EM00013924 | W39: SSM01-D | X39: EM00000000 | Z39: EM00000000 | AB39: EM00000000 | AD39: EM00000000 | AI39: =IF(D39=1,A39=H39,IF(D39=2,A39=J39,IF(D39=4,A39=N39,IF(D39=6,A39=R39,IF(D39=7,A39=T39,IF(D39=8,A39=V39,IF(D39=9,A39=X39,IF(D39=10,A39=Z39,IF(D39=11,A39=AB39,IF(D39=12,A39=AD39,IF(D39=13,A39=AF39))))))))))) -> TRUE | AJ39: =IF(D39=1,C39=I39,IF(D39=2,C39=K39,IF(D39=4,C39=O39,IF(D39=6,C39=S39,IF(D39=7,C39=U39,IF(D39=8,C39=W39,IF(D39=9,C39=Y39,IF(D39=10,C39=AA39,IF(D39=11,C39=AC39,IF(D39=12,C39=AE39,IF(D39=13,C39=AG39))))))))))) -> TRUE | AK39: =IF(D39=1,J39,IF(D39=2,N39,IF(D39=4,R39,IF(D39=6,T39,IF(D39=7,V39,IF(D39=8,X39,IF(D39=9,Z39))))))) -> EM00015556
A40: =_xlfn.XLOOKUP(C40,[1]Sheet2!$D:$D,[1]Sheet2!$C:$C) -> EM00015588 | B40: 1314 | C40: MY011-D | D40: 1 | E40: 11 | F40: 46266 | G40: 46295 | H40: EM00015588 | I40: MY011-D | J40: EM00015867 | K40: MY010-D | N40: EM00015556 | O40: RD11003 | P40: EM00000000 | R40: EM00000000 | T40: EM00000000 | V40: EM00013924 | W40: SSM01-D | X40: EM00000000 | Z40: EM00000000 | AB40: EM00000000 | AD40: EM00000000 | AI40: =IF(D40=1,A40=H40,IF(D40=2,A40=J40,IF(D40=4,A40=N40,IF(D40=6,A40=R40,IF(D40=7,A40=T40,IF(D40=8,A40=V40,IF(D40=9,A40=X40,IF(D40=10,A40=Z40,IF(D40=11,A40=AB40,IF(D40=12,A40=AD40,IF(D40=13,A40=AF40))))))))))) -> TRUE | AJ40: =IF(D40=1,C40=I40,IF(D40=2,C40=K40,IF(D40=4,C40=O40,IF(D40=6,C40=S40,IF(D40=7,C40=U40,IF(D40=8,C40=W40,IF(D40=9,C40=Y40,IF(D40=10,C40=AA40,IF(D40=11,C40=AC40,IF(D40=12,C40=AE40,IF(D40=13,C40=AG40))))))))))) -> TRUE | AK40: =IF(D40=1,J40,IF(D40=2,N40,IF(D40=4,R40,IF(D40=6,T40,IF(D40=7,V40,IF(D40=8,X40,IF(D40=9,Z40))))))) -> EM00015867
A41: =_xlfn.XLOOKUP(C41,[1]Sheet2!$D:$D,[1]Sheet2!$C:$C) -> EM00015740 | B41: 1314 | C41: MY012-D | D41: 1 | E41: 11 | F41: 46266 | G41: 46295 | H41: EM00015740 | I41: MY012-D | J41: EM00015867 | K41: MY010-D | N41: EM00015556 | O41: RD11003 | P41: EM00000000 | R41: EM00000000 | T41: EM00000000 | V41: EM00013924 | W41: SSM01-D | X41: EM00000000 | Z41: EM00000000 | AB41: EM00000000 | AD41: EM00000000 | AI41: =IF(D41=1,A41=H41,IF(D41=2,A41=J41,IF(D41=4,A41=N41,IF(D41=6,A41=R41,IF(D41=7,A41=T41,IF(D41=8,A41=V41,IF(D41=9,A41=X41,IF(D41=10,A41=Z41,IF(D41=11,A41=AB41,IF(D41=12,A41=AD41,IF(D41=13,A41=AF41))))))))))) -> TRUE | AJ41: =IF(D41=1,C41=I41,IF(D41=2,C41=K41,IF(D41=4,C41=O41,IF(D41=6,C41=S41,IF(D41=7,C41=U41,IF(D41=8,C41=W41,IF(D41=9,C41=Y41,IF(D41=10,C41=AA41,IF(D41=11,C41=AC41,IF(D41=12,C41=AE41,IF(D41=13,C41=AG41))))))))))) -> TRUE | AK41: =IF(D41=1,J41,IF(D41=2,N41,IF(D41=4,R41,IF(D41=6,T41,IF(D41=7,V41,IF(D41=8,X41,IF(D41=9,Z41))))))) -> EM00015867
A42: =_xlfn.XLOOKUP(C42,[1]Sheet2!$D:$D,[1]Sheet2!$C:$C) -> EM00015745 | B42: 1314 | C42: MY013-D | D42: 1 | E42: 11 | F42: 46266 | G42: 46295 | H42: EM00015745 | I42: MY013-D | J42: EM00015867 | K42: MY010-D | N42: EM00015556 | O42: RD11003 | P42: EM00000000 | R42: EM00000000 | T42: EM00000000 | V42: EM00013924 | W42: SSM01-D | X42: EM00000000 | Z42: EM00000000 | AB42: EM00000000 | AD42: EM00000000 | AI42: =IF(D42=1,A42=H42,IF(D42=2,A42=J42,IF(D42=4,A42=N42,IF(D42=6,A42=R42,IF(D42=7,A42=T42,IF(D42=8,A42=V42,IF(D42=9,A42=X42,IF(D42=10,A42=Z42,IF(D42=11,A42=AB42,IF(D42=12,A42=AD42,IF(D42=13,A42=AF42))))))))))) -> TRUE | AJ42: =IF(D42=1,C42=I42,IF(D42=2,C42=K42,IF(D42=4,C42=O42,IF(D42=6,C42=S42,IF(D42=7,C42=U42,IF(D42=8,C42=W42,IF(D42=9,C42=Y42,IF(D42=10,C42=AA42,IF(D42=11,C42=AC42,IF(D42=12,C42=AE42,IF(D42=13,C42=AG42))))))))))) -> TRUE | AK42: =IF(D42=1,J42,IF(D42=2,N42,IF(D42=4,R42,IF(D42=6,T42,IF(D42=7,V42,IF(D42=8,X42,IF(D42=9,Z42))))))) -> EM00015867
A43: =_xlfn.XLOOKUP(C43,[1]Sheet2!$D:$D,[1]Sheet2!$C:$C) -> EM00016287 | B43: 1314 | C43: MY014-D | D43: 1 | E43: 11 | F43: 46266 | G43: 46295 | H43: EM00016287 | I43: MY014-D | J43: EM00015867 | K43: MY010-D | N43: EM00015556 | O43: RD11003 | P43: EM00000000 | R43: EM00000000 | T43: EM00000000 | V43: EM00013924 | W43: SSM01-D | X43: EM00000000 | Z43: EM00000000 | AB43: EM00000000 | AD43: EM00000000 | AI43: =IF(D43=1,A43=H43,IF(D43=2,A43=J43,IF(D43=4,A43=N43,IF(D43=6,A43=R43,IF(D43=7,A43=T43,IF(D43=8,A43=V43,IF(D43=9,A43=X43,IF(D43=10,A43=Z43,IF(D43=11,A43=AB43,IF(D43=12,A43=AD43,IF(D43=13,A43=AF43))))))))))) -> TRUE | AJ43: =IF(D43=1,C43=I43,IF(D43=2,C43=K43,IF(D43=4,C43=O43,IF(D43=6,C43=S43,IF(D43=7,C43=U43,IF(D43=8,C43=W43,IF(D43=9,C43=Y43,IF(D43=10,C43=AA43,IF(D43=11,C43=AC43,IF(D43=12,C43=AE43,IF(D43=13,C43=AG43))))))))))) -> TRUE | AK43: =IF(D43=1,J43,IF(D43=2,N43,IF(D43=4,R43,IF(D43=6,T43,IF(D43=7,V43,IF(D43=8,X43,IF(D43=9,Z43))))))) -> EM00015867
A44: =_xlfn.XLOOKUP(C44,[1]Sheet2!$D:$D,[1]Sheet2!$C:$C) -> EM00016010 | B44: 1314 | C44: MY015-D | D44: 1 | E44: 11 | F44: 46266 | G44: 46295 | H44: EM00016010 | I44: MY015-D | J44: EM00015867 | K44: MY010-D | N44: EM00015556 | O44: RD11003 | P44: EM00000000 | R44: EM00000000 | T44: EM00000000 | V44: EM00013924 | W44: SSM01-D | X44: EM00000000 | Z44: EM00000000 | AB44: EM00000000 | AD44: EM00000000 | AI44: =IF(D44=1,A44=H44,IF(D44=2,A44=J44,IF(D44=4,A44=N44,IF(D44=6,A44=R44,IF(D44=7,A44=T44,IF(D44=8,A44=V44,IF(D44=9,A44=X44,IF(D44=10,A44=Z44,IF(D44=11,A44=AB44,IF(D44=12,A44=AD44,IF(D44=13,A44=AF44))))))))))) -> TRUE | AJ44: =IF(D44=1,C44=I44,IF(D44=2,C44=K44,IF(D44=4,C44=O44,IF(D44=6,C44=S44,IF(D44=7,C44=U44,IF(D44=8,C44=W44,IF(D44=9,C44=Y44,IF(D44=10,C44=AA44,IF(D44=11,C44=AC44,IF(D44=12,C44=AE44,IF(D44=13,C44=AG44))))))))))) -> TRUE | AK44: =IF(D44=1,J44,IF(D44=2,N44,IF(D44=4,R44,IF(D44=6,T44,IF(D44=7,V44,IF(D44=8,X44,IF(D44=9,Z44))))))) -> EM00015867
A45: =_xlfn.XLOOKUP(C45,[1]Sheet2!$D:$D,[1]Sheet2!$C:$C) -> EM00015867 | B45: 1314 | C45: MY010-D | D45: 2 | E45: 11 | F45: 46266 | G45: 46295 | J45: EM00015867 | K45: MY010-D | N45: EM00015556 | O45: RD11003 | P45: EM00000000 | R45: EM00000000 | T45: EM00000000 | V45: EM00013924 | W45: SSM01-D | X45: EM00000000 | Z45: EM00000000 | AB45: EM00000000 | AD45: EM00000000 | AI45: =IF(D45=1,A45=H45,IF(D45=2,A45=J45,IF(D45=4,A45=N45,IF(D45=6,A45=R45,IF(D45=7,A45=T45,IF(D45=8,A45=V45,IF(D45=9,A45=X45,IF(D45=10,A45=Z45,IF(D45=11,A45=AB45,IF(D45=12,A45=AD45,IF(D45=13,A45=AF45))))))))))) -> TRUE | AJ45: =IF(D45=1,C45=I45,IF(D45=2,C45=K45,IF(D45=4,C45=O45,IF(D45=6,C45=S45,IF(D45=7,C45=U45,IF(D45=8,C45=W45,IF(D45=9,C45=Y45,IF(D45=10,C45=AA45,IF(D45=11,C45=AC45,IF(D45=12,C45=AE45,IF(D45=13,C45=AG45))))))))))) -> TRUE | AK45: =IF(D45=1,J45,IF(D45=2,N45,IF(D45=4,R45,IF(D45=6,T45,IF(D45=7,V45,IF(D45=8,X45,IF(D45=9,Z45))))))) -> EM00015556
A46: =_xlfn.XLOOKUP(C46,[1]Sheet2!$D:$D,[1]Sheet2!$C:$C) -> EM00015610 | B46: 1314 | C46: MY021-D | D46: 1 | E46: 11 | F46: 46266 | G46: 46295 | H46: EM00015610 | I46: MY021-D | J46: EM00000000 | K46: MY020-D | N46: EM00015556 | O46: RD11003 | P46: EM00000000 | R46: EM00000000 | T46: EM00000000 | V46: EM00013924 | W46: SSM01-D | X46: EM00000000 | Z46: EM00000000 | AB46: EM00000000 | AD46: EM00000000 | AI46: =IF(D46=1,A46=H46,IF(D46=2,A46=J46,IF(D46=4,A46=N46,IF(D46=6,A46=R46,IF(D46=7,A46=T46,IF(D46=8,A46=V46,IF(D46=9,A46=X46,IF(D46=10,A46=Z46,IF(D46=11,A46=AB46,IF(D46=12,A46=AD46,IF(D46=13,A46=AF46))))))))))) -> TRUE | AJ46: =IF(D46=1,C46=I46,IF(D46=2,C46=K46,IF(D46=4,C46=O46,IF(D46=6,C46=S46,IF(D46=7,C46=U46,IF(D46=8,C46=W46,IF(D46=9,C46=Y46,IF(D46=10,C46=AA46,IF(D46=11,C46=AC46,IF(D46=12,C46=AE46,IF(D46=13,C46=AG46))))))))))) -> TRUE | AK46: =IF(D46=1,J46,IF(D46=2,N46,IF(D46=4,R46,IF(D46=6,T46,IF(D46=7,V46,IF(D46=8,X46,IF(D46=9,Z46))))))) -> EM00000000
A47: =_xlfn.XLOOKUP(C47,[1]Sheet2!$D:$D,[1]Sheet2!$C:$C) -> EM00015999 | B47: 1314 | C47: MY022-D | D47: 1 | E47: 11 | F47: 46266 | G47: 46295 | H47: EM00015999 | I47: MY022-D | J47: EM00000000 | K47: MY020-D | N47: EM00015556 | O47: RD11003 | P47: EM00000000 | R47: EM00000000 | T47: EM00000000 | V47: EM00013924 | W47: SSM01-D | X47: EM00000000 | Z47: EM00000000 | AB47: EM00000000 | AD47: EM00000000 | AI47: =IF(D47=1,A47=H47,IF(D47=2,A47=J47,IF(D47=4,A47=N47,IF(D47=6,A47=R47,IF(D47=7,A47=T47,IF(D47=8,A47=V47,IF(D47=9,A47=X47,IF(D47=10,A47=Z47,IF(D47=11,A47=AB47,IF(D47=12,A47=AD47,IF(D47=13,A47=AF47))))))))))) -> TRUE | AJ47: =IF(D47=1,C47=I47,IF(D47=2,C47=K47,IF(D47=4,C47=O47,IF(D47=6,C47=S47,IF(D47=7,C47=U47,IF(D47=8,C47=W47,IF(D47=9,C47=Y47,IF(D47=10,C47=AA47,IF(D47=11,C47=AC47,IF(D47=12,C47=AE47,IF(D47=13,C47=AG47))))))))))) -> TRUE | AK47: =IF(D47=1,J47,IF(D47=2,N47,IF(D47=4,R47,IF(D47=6,T47,IF(D47=7,V47,IF(D47=8,X47,IF(D47=9,Z47))))))) -> EM00000000
A48: =_xlfn.XLOOKUP(C48,[1]Sheet2!$D:$D,[1]Sheet2!$C:$C) -> EM00016004 | B48: 1314 | C48: MY023-D | D48: 1 | E48: 11 | F48: 46266 | G48: 46295 | H48: EM00016004 | I48: MY023-D | J48: EM00000000 | K48: MY020-D | N48: EM00015556 | O48: RD11003 | P48: EM00000000 | R48: EM00000000 | T48: EM00000000 | V48: EM00013924 | W48: SSM01-D | X48: EM00000000 | Z48: EM00000000 | AB48: EM00000000 | AD48: EM00000000 | AI48: =IF(D48=1,A48=H48,IF(D48=2,A48=J48,IF(D48=4,A48=N48,IF(D48=6,A48=R48,IF(D48=7,A48=T48,IF(D48=8,A48=V48,IF(D48=9,A48=X48,IF(D48=10,A48=Z48,IF(D48=11,A48=AB48,IF(D48=12,A48=AD48,IF(D48=13,A48=AF48))))))))))) -> TRUE | AJ48: =IF(D48=1,C48=I48,IF(D48=2,C48=K48,IF(D48=4,C48=O48,IF(D48=6,C48=S48,IF(D48=7,C48=U48,IF(D48=8,C48=W48,IF(D48=9,C48=Y48,IF(D48=10,C48=AA48,IF(D48=11,C48=AC48,IF(D48=12,C48=AE48,IF(D48=13,C48=AG48))))))))))) -> TRUE | AK48: =IF(D48=1,J48,IF(D48=2,N48,IF(D48=4,R48,IF(D48=6,T48,IF(D48=7,V48,IF(D48=8,X48,IF(D48=9,Z48))))))) -> EM00000000
A49: =_xlfn.XLOOKUP(C49,[1]Sheet2!$D:$D,[1]Sheet2!$C:$C) -> EM00016009 | B49: 1314 | C49: MY024-D | D49: 1 | E49: 11 | F49: 46266 | G49: 46295 | H49: EM00016009 | I49: MY024-D | J49: EM00000000 | K49: MY020-D | N49: EM00015556 | O49: RD11003 | P49: EM00000000 | R49: EM00000000 | T49: EM00000000 | V49: EM00013924 | W49: SSM01-D | X49: EM00000000 | Z49: EM00000000 | AB49: EM00000000 | AD49: EM00000000 | AI49: =IF(D49=1,A49=H49,IF(D49=2,A49=J49,IF(D49=4,A49=N49,IF(D49=6,A49=R49,IF(D49=7,A49=T49,IF(D49=8,A49=V49,IF(D49=9,A49=X49,IF(D49=10,A49=Z49,IF(D49=11,A49=AB49,IF(D49=12,A49=AD49,IF(D49=13,A49=AF49))))))))))) -> TRUE | AJ49: =IF(D49=1,C49=I49,IF(D49=2,C49=K49,IF(D49=4,C49=O49,IF(D49=6,C49=S49,IF(D49=7,C49=U49,IF(D49=8,C49=W49,IF(D49=9,C49=Y49,IF(D49=10,C49=AA49,IF(D49=11,C49=AC49,IF(D49=12,C49=AE49,IF(D49=13,C49=AG49))))))))))) -> TRUE | AK49: =IF(D49=1,J49,IF(D49=2,N49,IF(D49=4,R49,IF(D49=6,T49,IF(D49=7,V49,IF(D49=8,X49,IF(D49=9,Z49))))))) -> EM00000000
A50: =_xlfn.XLOOKUP(C50,[1]Sheet2!$D:$D,[1]Sheet2!$C:$C) -> EM00000000 | B50: 1314 | C50: MY020-D | D50: 2 | E50: 11 | F50: 46266 | G50: 46295 | J50: EM00000000 | K50: MY020-D | N50: EM00015556 | O50: RD11003 | P50: EM00000000 | R50: EM00000000 | T50: EM00000000 | V50: EM00013924 | W50: SSM01-D | X50: EM00000000 | Z50: EM00000000 | AB50: EM00000000 | AD50: EM00000000 | AI50: =IF(D50=1,A50=H50,IF(D50=2,A50=J50,IF(D50=4,A50=N50,IF(D50=6,A50=R50,IF(D50=7,A50=T50,IF(D50=8,A50=V50,IF(D50=9,A50=X50,IF(D50=10,A50=Z50,IF(D50=11,A50=AB50,IF(D50=12,A50=AD50,IF(D50=13,A50=AF50))))))))))) -> TRUE | AJ50: =IF(D50=1,C50=I50,IF(D50=2,C50=K50,IF(D50=4,C50=O50,IF(D50=6,C50=S50,IF(D50=7,C50=U50,IF(D50=8,C50=W50,IF(D50=9,C50=Y50,IF(D50=10,C50=AA50,IF(D50=11,C50=AC50,IF(D50=12,C50=AE50,IF(D50=13,C50=AG50))))))))))) -> TRUE | AK50: =IF(D50=1,J50,IF(D50=2,N50,IF(D50=4,R50,IF(D50=6,T50,IF(D50=7,V50,IF(D50=8,X50,IF(D50=9,Z50))))))) -> EM00015556
A51: =_xlfn.XLOOKUP(C51,[1]Sheet2!$D:$D,[1]Sheet2!$C:$C) -> EM00015761 | B51: 1329 | C51: TA011-D | D51: 1 | E51: 11 | F51: 46266 | G51: 46295 | H51: EM00015761 | I51: TA011-D | J51: EM00000000 | K51: TA010-D | N51: EM00015556 | O51: RD11003 | P51: EM00000000 | R51: EM00000000 | T51: EM00000000 | V51: EM00013924 | W51: SSM01-D | X51: EM00000000 | Z51: EM00000000 | AB51: EM00000000 | AD51: EM00000000 | AI51: =IF(D51=1,A51=H51,IF(D51=2,A51=J51,IF(D51=4,A51=N51,IF(D51=6,A51=R51,IF(D51=7,A51=T51,IF(D51=8,A51=V51,IF(D51=9,A51=X51,IF(D51=10,A51=Z51,IF(D51=11,A51=AB51,IF(D51=12,A51=AD51,IF(D51=13,A51=AF51))))))))))) -> TRUE | AJ51: =IF(D51=1,C51=I51,IF(D51=2,C51=K51,IF(D51=4,C51=O51,IF(D51=6,C51=S51,IF(D51=7,C51=U51,IF(D51=8,C51=W51,IF(D51=9,C51=Y51,IF(D51=10,C51=AA51,IF(D51=11,C51=AC51,IF(D51=12,C51=AE51,IF(D51=13,C51=AG51))))))))))) -> TRUE | AK51: =IF(D51=1,J51,IF(D51=2,N51,IF(D51=4,R51,IF(D51=6,T51,IF(D51=7,V51,IF(D51=8,X51,IF(D51=9,Z51))))))) -> EM00000000
A52: =_xlfn.XLOOKUP(C52,[1]Sheet2!$D:$D,[1]Sheet2!$C:$C) -> EM00015754 | B52: 1329 | C52: TA012-D | D52: 1 | E52: 11 | F52: 46266 | G52: 46295 | H52: EM00015754 | I52: TA012-D | J52: EM00000000 | K52: TA010-D | N52: EM00015556 | O52: RD11003 | P52: EM00000000 | R52: EM00000000 | T52: EM00000000 | V52: EM00013924 | W52: SSM01-D | X52: EM00000000 | Z52: EM00000000 | AB52: EM00000000 | AD52: EM00000000 | AI52: =IF(D52=1,A52=H52,IF(D52=2,A52=J52,IF(D52=4,A52=N52,IF(D52=6,A52=R52,IF(D52=7,A52=T52,IF(D52=8,A52=V52,IF(D52=9,A52=X52,IF(D52=10,A52=Z52,IF(D52=11,A52=AB52,IF(D52=12,A52=AD52,IF(D52=13,A52=AF52))))))))))) -> TRUE | AJ52: =IF(D52=1,C52=I52,IF(D52=2,C52=K52,IF(D52=4,C52=O52,IF(D52=6,C52=S52,IF(D52=7,C52=U52,IF(D52=8,C52=W52,IF(D52=9,C52=Y52,IF(D52=10,C52=AA52,IF(D52=11,C52=AC52,IF(D52=12,C52=AE52,IF(D52=13,C52=AG52))))))))))) -> TRUE | AK52: =IF(D52=1,J52,IF(D52=2,N52,IF(D52=4,R52,IF(D52=6,T52,IF(D52=7,V52,IF(D52=8,X52,IF(D52=9,Z52))))))) -> EM00000000
A53: =_xlfn.XLOOKUP(C53,[1]Sheet2!$D:$D,[1]Sheet2!$C:$C) -> EM00015978 | B53: 1329 | C53: TA013-D | D53: 1 | E53: 11 | F53: 46266 | G53: 46295 | H53: EM00015978 | I53: TA013-D | J53: EM00000000 | K53: TA010-D | N53: EM00015556 | O53: RD11003 | P53: EM00000000 | R53: EM00000000 | T53: EM00000000 | V53: EM00013924 | W53: SSM01-D | X53: EM00000000 | Z53: EM00000000 | AB53: EM00000000 | AD53: EM00000000 | AI53: =IF(D53=1,A53=H53,IF(D53=2,A53=J53,IF(D53=4,A53=N53,IF(D53=6,A53=R53,IF(D53=7,A53=T53,IF(D53=8,A53=V53,IF(D53=9,A53=X53,IF(D53=10,A53=Z53,IF(D53=11,A53=AB53,IF(D53=12,A53=AD53,IF(D53=13,A53=AF53))))))))))) -> TRUE | AJ53: =IF(D53=1,C53=I53,IF(D53=2,C53=K53,IF(D53=4,C53=O53,IF(D53=6,C53=S53,IF(D53=7,C53=U53,IF(D53=8,C53=W53,IF(D53=9,C53=Y53,IF(D53=10,C53=AA53,IF(D53=11,C53=AC53,IF(D53=12,C53=AE53,IF(D53=13,C53=AG53))))))))))) -> TRUE | AK53: =IF(D53=1,J53,IF(D53=2,N53,IF(D53=4,R53,IF(D53=6,T53,IF(D53=7,V53,IF(D53=8,X53,IF(D53=9,Z53))))))) -> EM00000000
A54: =_xlfn.XLOOKUP(C54,[1]Sheet2!$D:$D,[1]Sheet2!$C:$C) -> EM00016002 | B54: 1329 | C54: TA014-D | D54: 1 | E54: 11 | F54: 46266 | G54: 46295 | H54: EM00016002 | I54: TA014-D | J54: EM00000000 | K54: TA010-D | N54: EM00015556 | O54: RD11003 | P54: EM00000000 | R54: EM00000000 | T54: EM00000000 | V54: EM00013924 | W54: SSM01-D | X54: EM00000000 | Z54: EM00000000 | AB54: EM00000000 | AD54: EM00000000 | AI54: =IF(D54=1,A54=H54,IF(D54=2,A54=J54,IF(D54=4,A54=N54,IF(D54=6,A54=R54,IF(D54=7,A54=T54,IF(D54=8,A54=V54,IF(D54=9,A54=X54,IF(D54=10,A54=Z54,IF(D54=11,A54=AB54,IF(D54=12,A54=AD54,IF(D54=13,A54=AF54))))))))))) -> TRUE | AJ54: =IF(D54=1,C54=I54,IF(D54=2,C54=K54,IF(D54=4,C54=O54,IF(D54=6,C54=S54,IF(D54=7,C54=U54,IF(D54=8,C54=W54,IF(D54=9,C54=Y54,IF(D54=10,C54=AA54,IF(D54=11,C54=AC54,IF(D54=12,C54=AE54,IF(D54=13,C54=AG54))))))))))) -> TRUE | AK54: =IF(D54=1,J54,IF(D54=2,N54,IF(D54=4,R54,IF(D54=6,T54,IF(D54=7,V54,IF(D54=8,X54,IF(D54=9,Z54))))))) -> EM00000000
A55: =_xlfn.XLOOKUP(C55,[1]Sheet2!$D:$D,[1]Sheet2!$C:$C) -> EM00016284 | B55: 1329 | C55: TA015-D | D55: 1 | E55: 11 | F55: 46266 | G55: 46295 | H55: EM00016284 | I55: TA015-D | J55: EM00000000 | K55: TA010-D | N55: EM00015556 | O55: RD11003 | P55: EM00000000 | R55: EM00000000 | T55: EM00000000 | V55: EM00013924 | W55: SSM01-D | X55: EM00000000 | Z55: EM00000000 | AB55: EM00000000 | AD55: EM00000000 | AI55: =IF(D55=1,A55=H55,IF(D55=2,A55=J55,IF(D55=4,A55=N55,IF(D55=6,A55=R55,IF(D55=7,A55=T55,IF(D55=8,A55=V55,IF(D55=9,A55=X55,IF(D55=10,A55=Z55,IF(D55=11,A55=AB55,IF(D55=12,A55=AD55,IF(D55=13,A55=AF55))))))))))) -> TRUE | AJ55: =IF(D55=1,C55=I55,IF(D55=2,C55=K55,IF(D55=4,C55=O55,IF(D55=6,C55=S55,IF(D55=7,C55=U55,IF(D55=8,C55=W55,IF(D55=9,C55=Y55,IF(D55=10,C55=AA55,IF(D55=11,C55=AC55,IF(D55=12,C55=AE55,IF(D55=13,C55=AG55))))))))))) -> TRUE | AK55: =IF(D55=1,J55,IF(D55=2,N55,IF(D55=4,R55,IF(D55=6,T55,IF(D55=7,V55,IF(D55=8,X55,IF(D55=9,Z55))))))) -> EM00000000
A56: =_xlfn.XLOOKUP(C56,[1]Sheet2!$D:$D,[1]Sheet2!$C:$C) -> EM00016566 | B56: 1329 | C56: TA010-D | D56: 2 | E56: 11 | F56: 46266 | G56: 46295 | J56: EM00016566 | K56: TA010-D | N56: EM00015556 | O56: RD11003 | P56: EM00000000 | R56: EM00000000 | T56: EM00000000 | V56: EM00013924 | W56: SSM01-D | X56: EM00000000 | Z56: EM00000000 | AB56: EM00000000 | AD56: EM00000000 | AI56: =IF(D56=1,A56=H56,IF(D56=2,A56=J56,IF(D56=4,A56=N56,IF(D56=6,A56=R56,IF(D56=7,A56=T56,IF(D56=8,A56=V56,IF(D56=9,A56=X56,IF(D56=10,A56=Z56,IF(D56=11,A56=AB56,IF(D56=12,A56=AD56,IF(D56=13,A56=AF56))))))))))) -> TRUE | AJ56: =IF(D56=1,C56=I56,IF(D56=2,C56=K56,IF(D56=4,C56=O56,IF(D56=6,C56=S56,IF(D56=7,C56=U56,IF(D56=8,C56=W56,IF(D56=9,C56=Y56,IF(D56=10,C56=AA56,IF(D56=11,C56=AC56,IF(D56=12,C56=AE56,IF(D56=13,C56=AG56))))))))))) -> TRUE | AK56: =IF(D56=1,J56,IF(D56=2,N56,IF(D56=4,R56,IF(D56=6,T56,IF(D56=7,V56,IF(D56=8,X56,IF(D56=9,Z56))))))) -> EM00015556
A57: =_xlfn.XLOOKUP(C57,[1]Sheet2!$D:$D,[1]Sheet2!$C:$C) -> EM00015589 | B57: 1312 | C57: UT011-D | D57: 1 | E57: 11 | F57: 46266 | G57: 46295 | H57: EM00015589 | I57: UT011-D | J57: EM00011054 | K57: UT010-D | N57: EM00015556 | O57: RD11003 | P57: EM00000000 | R57: EM00000000 | T57: EM00000000 | V57: EM00013924 | W57: SSM01-D | X57: EM00000000 | Z57: EM00000000 | AB57: EM00000000 | AD57: EM00000000 | AI57: =IF(D57=1,A57=H57,IF(D57=2,A57=J57,IF(D57=4,A57=N57,IF(D57=6,A57=R57,IF(D57=7,A57=T57,IF(D57=8,A57=V57,IF(D57=9,A57=X57,IF(D57=10,A57=Z57,IF(D57=11,A57=AB57,IF(D57=12,A57=AD57,IF(D57=13,A57=AF57))))))))))) -> TRUE | AJ57: =IF(D57=1,C57=I57,IF(D57=2,C57=K57,IF(D57=4,C57=O57,IF(D57=6,C57=S57,IF(D57=7,C57=U57,IF(D57=8,C57=W57,IF(D57=9,C57=Y57,IF(D57=10,C57=AA57,IF(D57=11,C57=AC57,IF(D57=12,C57=AE57,IF(D57=13,C57=AG57))))))))))) -> TRUE | AK57: =IF(D57=1,J57,IF(D57=2,N57,IF(D57=4,R57,IF(D57=6,T57,IF(D57=7,V57,IF(D57=8,X57,IF(D57=9,Z57))))))) -> EM00011054
A58: =_xlfn.XLOOKUP(C58,[1]Sheet2!$D:$D,[1]Sheet2!$C:$C) -> EM00015750 | B58: 1312 | C58: UT012-D | D58: 1 | E58: 11 | F58: 46266 | G58: 46295 | H58: EM00015750 | I58: UT012-D | J58: EM00011054 | K58: UT010-D | N58: EM00015556 | O58: RD11003 | P58: EM00000000 | R58: EM00000000 | T58: EM00000000 | V58: EM00013924 | W58: SSM01-D | X58: EM00000000 | Z58: EM00000000 | AB58: EM00000000 | AD58: EM00000000 | AI58: =IF(D58=1,A58=H58,IF(D58=2,A58=J58,IF(D58=4,A58=N58,IF(D58=6,A58=R58,IF(D58=7,A58=T58,IF(D58=8,A58=V58,IF(D58=9,A58=X58,IF(D58=10,A58=Z58,IF(D58=11,A58=AB58,IF(D58=12,A58=AD58,IF(D58=13,A58=AF58))))))))))) -> TRUE | AJ58: =IF(D58=1,C58=I58,IF(D58=2,C58=K58,IF(D58=4,C58=O58,IF(D58=6,C58=S58,IF(D58=7,C58=U58,IF(D58=8,C58=W58,IF(D58=9,C58=Y58,IF(D58=10,C58=AA58,IF(D58=11,C58=AC58,IF(D58=12,C58=AE58,IF(D58=13,C58=AG58))))))))))) -> TRUE | AK58: =IF(D58=1,J58,IF(D58=2,N58,IF(D58=4,R58,IF(D58=6,T58,IF(D58=7,V58,IF(D58=8,X58,IF(D58=9,Z58))))))) -> EM00011054
A59: =_xlfn.XLOOKUP(C59,[1]Sheet2!$D:$D,[1]Sheet2!$C:$C) -> EM00016407 | B59: 1312 | C59: UT013-D | D59: 1 | E59: 11 | F59: 46266 | G59: 46295 | H59: EM00016407 | I59: UT013-D | J59: EM00011054 | K59: UT010-D | N59: EM00015556 | O59: RD11003 | P59: EM00000000 | R59: EM00000000 | T59: EM00000000 | V59: EM00013924 | W59: SSM01-D | X59: EM00000000 | Z59: EM00000000 | AB59: EM00000000 | AD59: EM00000000 | AI59: =IF(D59=1,A59=H59,IF(D59=2,A59=J59,IF(D59=4,A59=N59,IF(D59=6,A59=R59,IF(D59=7,A59=T59,IF(D59=8,A59=V59,IF(D59=9,A59=X59,IF(D59=10,A59=Z59,IF(D59=11,A59=AB59,IF(D59=12,A59=AD59,IF(D59=13,A59=AF59))))))))))) -> TRUE | AJ59: =IF(D59=1,C59=I59,IF(D59=2,C59=K59,IF(D59=4,C59=O59,IF(D59=6,C59=S59,IF(D59=7,C59=U59,IF(D59=8,C59=W59,IF(D59=9,C59=Y59,IF(D59=10,C59=AA59,IF(D59=11,C59=AC59,IF(D59=12,C59=AE59,IF(D59=13,C59=AG59))))))))))) -> TRUE | AK59: =IF(D59=1,J59,IF(D59=2,N59,IF(D59=4,R59,IF(D59=6,T59,IF(D59=7,V59,IF(D59=8,X59,IF(D59=9,Z59))))))) -> EM00011054
A60: =_xlfn.XLOOKUP(C60,[1]Sheet2!$D:$D,[1]Sheet2!$C:$C) -> EM00016015 | B60: 1312 | C60: UT014-D | D60: 1 | E60: 11 | F60: 46266 | G60: 46295 | H60: EM00016015 | I60: UT014-D | J60: EM00011054 | K60: UT010-D | N60: EM00015556 | O60: RD11003 | P60: EM00000000 | R60: EM00000000 | T60: EM00000000 | V60: EM00013924 | W60: SSM01-D | X60: EM00000000 | Z60: EM00000000 | AB60: EM00000000 | AD60: EM00000000 | AI60: =IF(D60=1,A60=H60,IF(D60=2,A60=J60,IF(D60=4,A60=N60,IF(D60=6,A60=R60,IF(D60=7,A60=T60,IF(D60=8,A60=V60,IF(D60=9,A60=X60,IF(D60=10,A60=Z60,IF(D60=11,A60=AB60,IF(D60=12,A60=AD60,IF(D60=13,A60=AF60))))))))))) -> TRUE | AJ60: =IF(D60=1,C60=I60,IF(D60=2,C60=K60,IF(D60=4,C60=O60,IF(D60=6,C60=S60,IF(D60=7,C60=U60,IF(D60=8,C60=W60,IF(D60=9,C60=Y60,IF(D60=10,C60=AA60,IF(D60=11,C60=AC60,IF(D60=12,C60=AE60,IF(D60=13,C60=AG60))))))))))) -> TRUE | AK60: =IF(D60=1,J60,IF(D60=2,N60,IF(D60=4,R60,IF(D60=6,T60,IF(D60=7,V60,IF(D60=8,X60,IF(D60=9,Z60))))))) -> EM00011054
A61: =_xlfn.XLOOKUP(C61,[1]Sheet2!$D:$D,[1]Sheet2!$C:$C) -> EM00016000 | B61: 1312 | C61: UT015-D | D61: 1 | E61: 11 | F61: 46266 | G61: 46295 | H61: EM00016000 | I61: UT015-D | J61: EM00011054 | K61: UT010-D | N61: EM00015556 | O61: RD11003 | P61: EM00000000 | R61: EM00000000 | T61: EM00000000 | V61: EM00013924 | W61: SSM01-D | X61: EM00000000 | Z61: EM00000000 | AB61: EM00000000 | AD61: EM00000000 | AI61: =IF(D61=1,A61=H61,IF(D61=2,A61=J61,IF(D61=4,A61=N61,IF(D61=6,A61=R61,IF(D61=7,A61=T61,IF(D61=8,A61=V61,IF(D61=9,A61=X61,IF(D61=10,A61=Z61,IF(D61=11,A61=AB61,IF(D61=12,A61=AD61,IF(D61=13,A61=AF61))))))))))) -> TRUE | AJ61: =IF(D61=1,C61=I61,IF(D61=2,C61=K61,IF(D61=4,C61=O61,IF(D61=6,C61=S61,IF(D61=7,C61=U61,IF(D61=8,C61=W61,IF(D61=9,C61=Y61,IF(D61=10,C61=AA61,IF(D61=11,C61=AC61,IF(D61=12,C61=AE61,IF(D61=13,C61=AG61))))))))))) -> TRUE | AK61: =IF(D61=1,J61,IF(D61=2,N61,IF(D61=4,R61,IF(D61=6,T61,IF(D61=7,V61,IF(D61=8,X61,IF(D61=9,Z61))))))) -> EM00011054
A62: =_xlfn.XLOOKUP(C62,[1]Sheet2!$D:$D,[1]Sheet2!$C:$C) -> EM00011054 | B62: 1312 | C62: UT010-D | D62: 2 | E62: 11 | F62: 46266 | G62: 46295 | J62: EM00011054 | K62: UT010-D | N62: EM00015556 | O62: RD11003 | P62: EM00000000 | R62: EM00000000 | T62: EM00000000 | V62: EM00013924 | W62: SSM01-D | X62: EM00000000 | Z62: EM00000000 | AB62: EM00000000 | AD62: EM00000000 | AI62: =IF(D62=1,A62=H62,IF(D62=2,A62=J62,IF(D62=4,A62=N62,IF(D62=6,A62=R62,IF(D62=7,A62=T62,IF(D62=8,A62=V62,IF(D62=9,A62=X62,IF(D62=10,A62=Z62,IF(D62=11,A62=AB62,IF(D62=12,A62=AD62,IF(D62=13,A62=AF62))))))))))) -> TRUE | AJ62: =IF(D62=1,C62=I62,IF(D62=2,C62=K62,IF(D62=4,C62=O62,IF(D62=6,C62=S62,IF(D62=7,C62=U62,IF(D62=8,C62=W62,IF(D62=9,C62=Y62,IF(D62=10,C62=AA62,IF(D62=11,C62=AC62,IF(D62=12,C62=AE62,IF(D62=13,C62=AG62))))))))))) -> TRUE | AK62: =IF(D62=1,J62,IF(D62=2,N62,IF(D62=4,R62,IF(D62=6,T62,IF(D62=7,V62,IF(D62=8,X62,IF(D62=9,Z62))))))) -> EM00015556
A63: =_xlfn.XLOOKUP(C63,[1]Sheet2!$D:$D,[1]Sheet2!$C:$C) -> EM00015996 | B63: 1312 | C63: UT021-D | D63: 1 | E63: 11 | F63: 46266 | G63: 46295 | H63: EM00015996 | I63: UT021-D | J63: EM00000000 | K63: UT020-D | N63: EM00015556 | O63: RD11003 | P63: EM00000000 | R63: EM00000000 | T63: EM00000000 | V63: EM00013924 | W63: SSM01-D | X63: EM00000000 | Z63: EM00000000 | AB63: EM00000000 | AD63: EM00000000 | AI63: =IF(D63=1,A63=H63,IF(D63=2,A63=J63,IF(D63=4,A63=N63,IF(D63=6,A63=R63,IF(D63=7,A63=T63,IF(D63=8,A63=V63,IF(D63=9,A63=X63,IF(D63=10,A63=Z63,IF(D63=11,A63=AB63,IF(D63=12,A63=AD63,IF(D63=13,A63=AF63))))))))))) -> TRUE | AJ63: =IF(D63=1,C63=I63,IF(D63=2,C63=K63,IF(D63=4,C63=O63,IF(D63=6,C63=S63,IF(D63=7,C63=U63,IF(D63=8,C63=W63,IF(D63=9,C63=Y63,IF(D63=10,C63=AA63,IF(D63=11,C63=AC63,IF(D63=12,C63=AE63,IF(D63=13,C63=AG63))))))))))) -> TRUE | AK63: =IF(D63=1,J63,IF(D63=2,N63,IF(D63=4,R63,IF(D63=6,T63,IF(D63=7,V63,IF(D63=8,X63,IF(D63=9,Z63))))))) -> EM00000000
A64: =_xlfn.XLOOKUP(C64,[1]Sheet2!$D:$D,[1]Sheet2!$C:$C) -> EM00015747 | B64: 1312 | C64: UT022-D | D64: 1 | E64: 11 | F64: 46266 | G64: 46295 | H64: EM00015747 | I64: UT022-D | J64: EM00000000 | K64: UT020-D | N64: EM00015556 | O64: RD11003 | P64: EM00000000 | R64: EM00000000 | T64: EM00000000 | V64: EM00013924 | W64: SSM01-D | X64: EM00000000 | Z64: EM00000000 | AB64: EM00000000 | AD64: EM00000000 | AI64: =IF(D64=1,A64=H64,IF(D64=2,A64=J64,IF(D64=4,A64=N64,IF(D64=6,A64=R64,IF(D64=7,A64=T64,IF(D64=8,A64=V64,IF(D64=9,A64=X64,IF(D64=10,A64=Z64,IF(D64=11,A64=AB64,IF(D64=12,A64=AD64,IF(D64=13,A64=AF64))))))))))) -> TRUE | AJ64: =IF(D64=1,C64=I64,IF(D64=2,C64=K64,IF(D64=4,C64=O64,IF(D64=6,C64=S64,IF(D64=7,C64=U64,IF(D64=8,C64=W64,IF(D64=9,C64=Y64,IF(D64=10,C64=AA64,IF(D64=11,C64=AC64,IF(D64=12,C64=AE64,IF(D64=13,C64=AG64))))))))))) -> TRUE | AK64: =IF(D64=1,J64,IF(D64=2,N64,IF(D64=4,R64,IF(D64=6,T64,IF(D64=7,V64,IF(D64=8,X64,IF(D64=9,Z64))))))) -> EM00000000
A65: =_xlfn.XLOOKUP(C65,[1]Sheet2!$D:$D,[1]Sheet2!$C:$C) -> EM00016014 | B65: 1312 | C65: UT023-D | D65: 1 | E65: 11 | F65: 46266 | G65: 46295 | H65: EM00016014 | I65: UT023-D | J65: EM00000000 | K65: UT020-D | N65: EM00015556 | O65: RD11003 | P65: EM00000000 | R65: EM00000000 | T65: EM00000000 | V65: EM00013924 | W65: SSM01-D | X65: EM00000000 | Z65: EM00000000 | AB65: EM00000000 | AD65: EM00000000 | AI65: =IF(D65=1,A65=H65,IF(D65=2,A65=J65,IF(D65=4,A65=N65,IF(D65=6,A65=R65,IF(D65=7,A65=T65,IF(D65=8,A65=V65,IF(D65=9,A65=X65,IF(D65=10,A65=Z65,IF(D65=11,A65=AB65,IF(D65=12,A65=AD65,IF(D65=13,A65=AF65))))))))))) -> TRUE | AJ65: =IF(D65=1,C65=I65,IF(D65=2,C65=K65,IF(D65=4,C65=O65,IF(D65=6,C65=S65,IF(D65=7,C65=U65,IF(D65=8,C65=W65,IF(D65=9,C65=Y65,IF(D65=10,C65=AA65,IF(D65=11,C65=AC65,IF(D65=12,C65=AE65,IF(D65=13,C65=AG65))))))))))) -> TRUE | AK65: =IF(D65=1,J65,IF(D65=2,N65,IF(D65=4,R65,IF(D65=6,T65,IF(D65=7,V65,IF(D65=8,X65,IF(D65=9,Z65))))))) -> EM00000000
A66: =_xlfn.XLOOKUP(C66,[1]Sheet2!$D:$D,[1]Sheet2!$C:$C) -> EM00015765 | B66: 1312 | C66: UT024-D | D66: 1 | E66: 11 | F66: 46266 | G66: 46295 | H66: EM00015765 | I66: UT024-D | J66: EM00000000 | K66: UT020-D | N66: EM00015556 | O66: RD11003 | P66: EM00000000 | R66: EM00000000 | T66: EM00000000 | V66: EM00013924 | W66: SSM01-D | X66: EM00000000 | Z66: EM00000000 | AB66: EM00000000 | AD66: EM00000000 | AI66: =IF(D66=1,A66=H66,IF(D66=2,A66=J66,IF(D66=4,A66=N66,IF(D66=6,A66=R66,IF(D66=7,A66=T66,IF(D66=8,A66=V66,IF(D66=9,A66=X66,IF(D66=10,A66=Z66,IF(D66=11,A66=AB66,IF(D66=12,A66=AD66,IF(D66=13,A66=AF66))))))))))) -> TRUE | AJ66: =IF(D66=1,C66=I66,IF(D66=2,C66=K66,IF(D66=4,C66=O66,IF(D66=6,C66=S66,IF(D66=7,C66=U66,IF(D66=8,C66=W66,IF(D66=9,C66=Y66,IF(D66=10,C66=AA66,IF(D66=11,C66=AC66,IF(D66=12,C66=AE66,IF(D66=13,C66=AG66))))))))))) -> TRUE | AK66: =IF(D66=1,J66,IF(D66=2,N66,IF(D66=4,R66,IF(D66=6,T66,IF(D66=7,V66,IF(D66=8,X66,IF(D66=9,Z66))))))) -> EM00000000
A67: =_xlfn.XLOOKUP(C67,[1]Sheet2!$D:$D,[1]Sheet2!$C:$C) -> EM00000000 | B67: 1312 | C67: UT025-D | D67: 1 | E67: 11 | F67: 46266 | G67: 46295 | H67: EM00000000 | I67: UT025-D | J67: EM00000000 | K67: UT020-D | N67: EM00015556 | O67: RD11003 | P67: EM00000000 | R67: EM00000000 | T67: EM00000000 | V67: EM00013924 | W67: SSM01-D | X67: EM00000000 | Z67: EM00000000 | AB67: EM00000000 | AD67: EM00000000 | AI67: =IF(D67=1,A67=H67,IF(D67=2,A67=J67,IF(D67=4,A67=N67,IF(D67=6,A67=R67,IF(D67=7,A67=T67,IF(D67=8,A67=V67,IF(D67=9,A67=X67,IF(D67=10,A67=Z67,IF(D67=11,A67=AB67,IF(D67=12,A67=AD67,IF(D67=13,A67=AF67))))))))))) -> TRUE | AJ67: =IF(D67=1,C67=I67,IF(D67=2,C67=K67,IF(D67=4,C67=O67,IF(D67=6,C67=S67,IF(D67=7,C67=U67,IF(D67=8,C67=W67,IF(D67=9,C67=Y67,IF(D67=10,C67=AA67,IF(D67=11,C67=AC67,IF(D67=12,C67=AE67,IF(D67=13,C67=AG67))))))))))) -> TRUE | AK67: =IF(D67=1,J67,IF(D67=2,N67,IF(D67=4,R67,IF(D67=6,T67,IF(D67=7,V67,IF(D67=8,X67,IF(D67=9,Z67))))))) -> EM00000000
A68: =_xlfn.XLOOKUP(C68,[1]Sheet2!$D:$D,[1]Sheet2!$C:$C) -> EM00016466 | B68: 1312 | C68: UT020-D | D68: 2 | E68: 11 | F68: 46266 | G68: 46295 | J68: EM00016466 | K68: UT020-D | N68: EM00015556 | O68: RD11003 | P68: EM00000000 | R68: EM00000000 | T68: EM00000000 | V68: EM00013924 | W68: SSM01-D | X68: EM00000000 | Z68: EM00000000 | AB68: EM00000000 | AD68: EM00000000 | AI68: =IF(D68=1,A68=H68,IF(D68=2,A68=J68,IF(D68=4,A68=N68,IF(D68=6,A68=R68,IF(D68=7,A68=T68,IF(D68=8,A68=V68,IF(D68=9,A68=X68,IF(D68=10,A68=Z68,IF(D68=11,A68=AB68,IF(D68=12,A68=AD68,IF(D68=13,A68=AF68))))))))))) -> TRUE | AJ68: =IF(D68=1,C68=I68,IF(D68=2,C68=K68,IF(D68=4,C68=O68,IF(D68=6,C68=S68,IF(D68=7,C68=U68,IF(D68=8,C68=W68,IF(D68=9,C68=Y68,IF(D68=10,C68=AA68,IF(D68=11,C68=AC68,IF(D68=12,C68=AE68,IF(D68=13,C68=AG68))))))))))) -> TRUE | AK68: =IF(D68=1,J68,IF(D68=2,N68,IF(D68=4,R68,IF(D68=6,T68,IF(D68=7,V68,IF(D68=8,X68,IF(D68=9,Z68))))))) -> EM00015556
A69: EM00015556 | B69: 1312 | C69: RD11003 | D69: 4 | E69: 11 | F69: 46266 | G69: 46295 | N69: EM00015556 | O69: RD11003 | P69: EM00000000 | R69: EM00000000 | T69: EM00000000 | V69: EM00013924 | W69: SSM01-D | X69: EM00000000 | Z69: EM00000000 | AB69: EM00000000 | AD69: EM00000000 | AI69: =IF(D69=1,A69=H69,IF(D69=2,A69=J69,IF(D69=4,A69=N69,IF(D69=6,A69=R69,IF(D69=7,A69=T69,IF(D69=8,A69=V69,IF(D69=9,A69=X69,IF(D69=10,A69=Z69,IF(D69=11,A69=AB69,IF(D69=12,A69=AD69,IF(D69=13,A69=AF69))))))))))) -> TRUE | AJ69: =IF(D69=1,C69=I69,IF(D69=2,C69=K69,IF(D69=4,C69=O69,IF(D69=6,C69=S69,IF(D69=7,C69=U69,IF(D69=8,C69=W69,IF(D69=9,C69=Y69,IF(D69=10,C69=AA69,IF(D69=11,C69=AC69,IF(D69=12,C69=AE69,IF(D69=13,C69=AG69))))))))))) -> TRUE | AK69: =IF(D69=1,J69,IF(D69=2,N69,IF(D69=4,R69,IF(D69=6,T69,IF(D69=7,V69,IF(D69=8,X69,IF(D69=9,Z69))))))) -> EM00000000
A70: EM00015556 | B70: 1314 | C70: RD11003 | D70: 4 | E70: 11 | F70: 46266 | G70: 46295 | N70: EM00015556 | O70: RD11003 | P70: EM00000000 | R70: EM00000000 | T70: EM00000000 | V70: EM00013924 | W70: SSM01-D | X70: EM00000000 | Z70: EM00000000 | AB70: EM00000000 | AD70: EM00000000 | AI70: =IF(D70=1,A70=H70,IF(D70=2,A70=J70,IF(D70=4,A70=N70,IF(D70=6,A70=R70,IF(D70=7,A70=T70,IF(D70=8,A70=V70,IF(D70=9,A70=X70,IF(D70=10,A70=Z70,IF(D70=11,A70=AB70,IF(D70=12,A70=AD70,IF(D70=13,A70=AF70))))))))))) -> TRUE | AJ70: =IF(D70=1,C70=I70,IF(D70=2,C70=K70,IF(D70=4,C70=O70,IF(D70=6,C70=S70,IF(D70=7,C70=U70,IF(D70=8,C70=W70,IF(D70=9,C70=Y70,IF(D70=10,C70=AA70,IF(D70=11,C70=AC70,IF(D70=12,C70=AE70,IF(D70=13,C70=AG70))))))))))) -> TRUE | AK70: =IF(D70=1,J70,IF(D70=2,N70,IF(D70=4,R70,IF(D70=6,T70,IF(D70=7,V70,IF(D70=8,X70,IF(D70=9,Z70))))))) -> EM00000000
A71: EM00015556 | B71: 1329 | C71: RD11003 | D71: 4 | E71: 11 | F71: 46266 | G71: 46295 | N71: EM00015556 | O71: RD11003 | P71: EM00000000 | R71: EM00000000 | T71: EM00000000 | V71: EM00013924 | W71: SSM01-D | X71: EM00000000 | Z71: EM00000000 | AB71: EM00000000 | AD71: EM00000000 | AI71: =IF(D71=1,A71=H71,IF(D71=2,A71=J71,IF(D71=4,A71=N71,IF(D71=6,A71=R71,IF(D71=7,A71=T71,IF(D71=8,A71=V71,IF(D71=9,A71=X71,IF(D71=10,A71=Z71,IF(D71=11,A71=AB71,IF(D71=12,A71=AD71,IF(D71=13,A71=AF71))))))))))) -> TRUE | AJ71: =IF(D71=1,C71=I71,IF(D71=2,C71=K71,IF(D71=4,C71=O71,IF(D71=6,C71=S71,IF(D71=7,C71=U71,IF(D71=8,C71=W71,IF(D71=9,C71=Y71,IF(D71=10,C71=AA71,IF(D71=11,C71=AC71,IF(D71=12,C71=AE71,IF(D71=13,C71=AG71))))))))))) -> TRUE | AK71: =IF(D71=1,J71,IF(D71=2,N71,IF(D71=4,R71,IF(D71=6,T71,IF(D71=7,V71,IF(D71=8,X71,IF(D71=9,Z71))))))) -> EM00000000
A72: EM00015556 | B72: 1334 | C72: RD11003 | D72: 4 | E72: 11 | F72: 46266 | G72: 46295 | N72: EM00015556 | O72: RD11003 | P72: EM00000000 | R72: EM00000000 | T72: EM00000000 | V72: EM00013924 | W72: SSM01-D | X72: EM00000000 | Z72: EM00000000 | AB72: EM00000000 | AD72: EM00000000 | AI72: =IF(D72=1,A72=H72,IF(D72=2,A72=J72,IF(D72=4,A72=N72,IF(D72=6,A72=R72,IF(D72=7,A72=T72,IF(D72=8,A72=V72,IF(D72=9,A72=X72,IF(D72=10,A72=Z72,IF(D72=11,A72=AB72,IF(D72=12,A72=AD72,IF(D72=13,A72=AF72))))))))))) -> TRUE | AJ72: =IF(D72=1,C72=I72,IF(D72=2,C72=K72,IF(D72=4,C72=O72,IF(D72=6,C72=S72,IF(D72=7,C72=U72,IF(D72=8,C72=W72,IF(D72=9,C72=Y72,IF(D72=10,C72=AA72,IF(D72=11,C72=AC72,IF(D72=12,C72=AE72,IF(D72=13,C72=AG72))))))))))) -> TRUE | AK72: =IF(D72=1,J72,IF(D72=2,N72,IF(D72=4,R72,IF(D72=6,T72,IF(D72=7,V72,IF(D72=8,X72,IF(D72=9,Z72))))))) -> EM00000000
A73: =_xlfn.XLOOKUP(C73,[1]Sheet2!$D:$D,[1]Sheet2!$C:$C) -> EM00015595 | B73: 1336 | C73: KE011-D | D73: 1 | E73: 11 | F73: 46266 | G73: 46295 | H73: EM00015595 | I73: KE011-D | J73: EM00016192 | K73: KE010-D | N73: EM00004537 | O73: RD11002 | P73: EM00000000 | R73: EM00000000 | T73: EM00015388 | U73: SM002-D | V73: EM00000000 | X73: EM00000000 | Z73: EM00000000 | AB73: EM00000000 | AD73: EM00000000 | AI73: =IF(D73=1,A73=H73,IF(D73=2,A73=J73,IF(D73=4,A73=N73,IF(D73=6,A73=R73,IF(D73=7,A73=T73,IF(D73=8,A73=V73,IF(D73=9,A73=X73,IF(D73=10,A73=Z73,IF(D73=11,A73=AB73,IF(D73=12,A73=AD73,IF(D73=13,A73=AF73))))))))))) -> TRUE | AJ73: =IF(D73=1,C73=I73,IF(D73=2,C73=K73,IF(D73=4,C73=O73,IF(D73=6,C73=S73,IF(D73=7,C73=U73,IF(D73=8,C73=W73,IF(D73=9,C73=Y73,IF(D73=10,C73=AA73,IF(D73=11,C73=AC73,IF(D73=12,C73=AE73,IF(D73=13,C73=AG73))))))))))) -> TRUE | AK73: =IF(D73=1,J73,IF(D73=2,N73,IF(D73=4,R73,IF(D73=6,T73,IF(D73=7,V73,IF(D73=8,X73,IF(D73=9,Z73))))))) -> EM00016192
A74: =_xlfn.XLOOKUP(C74,[1]Sheet2!$D:$D,[1]Sheet2!$C:$C) -> EM00015596 | B74: 1336 | C74: KE012-D | D74: 1 | E74: 11 | F74: 46266 | G74: 46295 | H74: EM00015596 | I74: KE012-D | J74: EM00016192 | K74: KE010-D | N74: EM00004537 | O74: RD11002 | P74: EM00000000 | R74: EM00000000 | T74: EM00015388 | U74: SM002-D | V74: EM00000000 | X74: EM00000000 | Z74: EM00000000 | AB74: EM00000000 | AD74: EM00000000 | AI74: =IF(D74=1,A74=H74,IF(D74=2,A74=J74,IF(D74=4,A74=N74,IF(D74=6,A74=R74,IF(D74=7,A74=T74,IF(D74=8,A74=V74,IF(D74=9,A74=X74,IF(D74=10,A74=Z74,IF(D74=11,A74=AB74,IF(D74=12,A74=AD74,IF(D74=13,A74=AF74))))))))))) -> TRUE | AJ74: =IF(D74=1,C74=I74,IF(D74=2,C74=K74,IF(D74=4,C74=O74,IF(D74=6,C74=S74,IF(D74=7,C74=U74,IF(D74=8,C74=W74,IF(D74=9,C74=Y74,IF(D74=10,C74=AA74,IF(D74=11,C74=AC74,IF(D74=12,C74=AE74,IF(D74=13,C74=AG74))))))))))) -> TRUE | AK74: =IF(D74=1,J74,IF(D74=2,N74,IF(D74=4,R74,IF(D74=6,T74,IF(D74=7,V74,IF(D74=8,X74,IF(D74=9,Z74))))))) -> EM00016192
A75: =_xlfn.XLOOKUP(C75,[1]Sheet2!$D:$D,[1]Sheet2!$C:$C) -> EM00015994 | B75: 1336 | C75: KE013-D | D75: 1 | E75: 11 | F75: 46266 | G75: 46295 | H75: EM00015994 | I75: KE013-D | J75: EM00016192 | K75: KE010-D | N75: EM00004537 | O75: RD11002 | P75: EM00000000 | R75: EM00000000 | T75: EM00015388 | U75: SM002-D | V75: EM00000000 | X75: EM00000000 | Z75: EM00000000 | AB75: EM00000000 | AD75: EM00000000 | AI75: =IF(D75=1,A75=H75,IF(D75=2,A75=J75,IF(D75=4,A75=N75,IF(D75=6,A75=R75,IF(D75=7,A75=T75,IF(D75=8,A75=V75,IF(D75=9,A75=X75,IF(D75=10,A75=Z75,IF(D75=11,A75=AB75,IF(D75=12,A75=AD75,IF(D75=13,A75=AF75))))))))))) -> TRUE | AJ75: =IF(D75=1,C75=I75,IF(D75=2,C75=K75,IF(D75=4,C75=O75,IF(D75=6,C75=S75,IF(D75=7,C75=U75,IF(D75=8,C75=W75,IF(D75=9,C75=Y75,IF(D75=10,C75=AA75,IF(D75=11,C75=AC75,IF(D75=12,C75=AE75,IF(D75=13,C75=AG75))))))))))) -> TRUE | AK75: =IF(D75=1,J75,IF(D75=2,N75,IF(D75=4,R75,IF(D75=6,T75,IF(D75=7,V75,IF(D75=8,X75,IF(D75=9,Z75))))))) -> EM00016192
A76: =_xlfn.XLOOKUP(C76,[1]Sheet2!$D:$D,[1]Sheet2!$C:$C) -> EM00016281 | B76: 1336 | C76: KE014-D | D76: 1 | E76: 11 | F76: 46266 | G76: 46295 | H76: EM00016281 | I76: KE014-D | J76: EM00016192 | K76: KE010-D | N76: EM00004537 | O76: RD11002 | P76: EM00000000 | R76: EM00000000 | T76: EM00015388 | U76: SM002-D | V76: EM00000000 | X76: EM00000000 | Z76: EM00000000 | AB76: EM00000000 | AD76: EM00000000 | AI76: =IF(D76=1,A76=H76,IF(D76=2,A76=J76,IF(D76=4,A76=N76,IF(D76=6,A76=R76,IF(D76=7,A76=T76,IF(D76=8,A76=V76,IF(D76=9,A76=X76,IF(D76=10,A76=Z76,IF(D76=11,A76=AB76,IF(D76=12,A76=AD76,IF(D76=13,A76=AF76))))))))))) -> TRUE | AJ76: =IF(D76=1,C76=I76,IF(D76=2,C76=K76,IF(D76=4,C76=O76,IF(D76=6,C76=S76,IF(D76=7,C76=U76,IF(D76=8,C76=W76,IF(D76=9,C76=Y76,IF(D76=10,C76=AA76,IF(D76=11,C76=AC76,IF(D76=12,C76=AE76,IF(D76=13,C76=AG76))))))))))) -> TRUE | AK76: =IF(D76=1,J76,IF(D76=2,N76,IF(D76=4,R76,IF(D76=6,T76,IF(D76=7,V76,IF(D76=8,X76,IF(D76=9,Z76))))))) -> EM00016192
A77: =_xlfn.XLOOKUP(C77,[1]Sheet2!$D:$D,[1]Sheet2!$C:$C) -> EM00015977 | B77: 1336 | C77: KE015-D | D77: 1 | E77: 11 | F77: 46266 | G77: 46295 | H77: EM00015977 | I77: KE015-D | J77: EM00016192 | K77: KE010-D | N77: EM00004537 | O77: RD11002 | P77: EM00000000 | R77: EM00000000 | T77: EM00015388 | U77: SM002-D | V77: EM00000000 | X77: EM00000000 | Z77: EM00000000 | AB77: EM00000000 | AD77: EM00000000 | AI77: =IF(D77=1,A77=H77,IF(D77=2,A77=J77,IF(D77=4,A77=N77,IF(D77=6,A77=R77,IF(D77=7,A77=T77,IF(D77=8,A77=V77,IF(D77=9,A77=X77,IF(D77=10,A77=Z77,IF(D77=11,A77=AB77,IF(D77=12,A77=AD77,IF(D77=13,A77=AF77))))))))))) -> TRUE | AJ77: =IF(D77=1,C77=I77,IF(D77=2,C77=K77,IF(D77=4,C77=O77,IF(D77=6,C77=S77,IF(D77=7,C77=U77,IF(D77=8,C77=W77,IF(D77=9,C77=Y77,IF(D77=10,C77=AA77,IF(D77=11,C77=AC77,IF(D77=12,C77=AE77,IF(D77=13,C77=AG77))))))))))) -> TRUE | AK77: =IF(D77=1,J77,IF(D77=2,N77,IF(D77=4,R77,IF(D77=6,T77,IF(D77=7,V77,IF(D77=8,X77,IF(D77=9,Z77))))))) -> EM00016192
A78: =_xlfn.XLOOKUP(C78,[1]Sheet2!$D:$D,[1]Sheet2!$C:$C) -> EM00016282 | B78: 1336 | C78: KE016-D | D78: 1 | E78: 11 | F78: 46266 | G78: 46295 | H78: EM00016282 | I78: KE016-D | J78: EM00016192 | K78: KE010-D | N78: EM00004537 | O78: RD11002 | P78: EM00000000 | R78: EM00000000 | T78: EM00015388 | U78: SM002-D | V78: EM00000000 | X78: EM00000000 | Z78: EM00000000 | AB78: EM00000000 | AD78: EM00000000 | AI78: =IF(D78=1,A78=H78,IF(D78=2,A78=J78,IF(D78=4,A78=N78,IF(D78=6,A78=R78,IF(D78=7,A78=T78,IF(D78=8,A78=V78,IF(D78=9,A78=X78,IF(D78=10,A78=Z78,IF(D78=11,A78=AB78,IF(D78=12,A78=AD78,IF(D78=13,A78=AF78))))))))))) -> TRUE | AJ78: =IF(D78=1,C78=I78,IF(D78=2,C78=K78,IF(D78=4,C78=O78,IF(D78=6,C78=S78,IF(D78=7,C78=U78,IF(D78=8,C78=W78,IF(D78=9,C78=Y78,IF(D78=10,C78=AA78,IF(D78=11,C78=AC78,IF(D78=12,C78=AE78,IF(D78=13,C78=AG78))))))))))) -> TRUE | AK78: =IF(D78=1,J78,IF(D78=2,N78,IF(D78=4,R78,IF(D78=6,T78,IF(D78=7,V78,IF(D78=8,X78,IF(D78=9,Z78))))))) -> EM00016192
A79: =_xlfn.XLOOKUP(C79,[1]Sheet2!$D:$D,[1]Sheet2!$C:$C) -> EM00016192 | B79: 1336 | C79: KE010-D | D79: 2 | E79: 11 | F79: 46266 | G79: 46295 | J79: EM00016192 | K79: KE010-D | N79: EM00004537 | O79: RD11002 | P79: EM00000000 | R79: EM00000000 | T79: EM00015388 | U79: SM002-D | V79: EM00000000 | X79: EM00000000 | Z79: EM00000000 | AB79: EM00000000 | AD79: EM00000000 | AI79: =IF(D79=1,A79=H79,IF(D79=2,A79=J79,IF(D79=4,A79=N79,IF(D79=6,A79=R79,IF(D79=7,A79=T79,IF(D79=8,A79=V79,IF(D79=9,A79=X79,IF(D79=10,A79=Z79,IF(D79=11,A79=AB79,IF(D79=12,A79=AD79,IF(D79=13,A79=AF79))))))))))) -> TRUE | AJ79: =IF(D79=1,C79=I79,IF(D79=2,C79=K79,IF(D79=4,C79=O79,IF(D79=6,C79=S79,IF(D79=7,C79=U79,IF(D79=8,C79=W79,IF(D79=9,C79=Y79,IF(D79=10,C79=AA79,IF(D79=11,C79=AC79,IF(D79=12,C79=AE79,IF(D79=13,C79=AG79))))))))))) -> TRUE | AK79: =IF(D79=1,J79,IF(D79=2,N79,IF(D79=4,R79,IF(D79=6,T79,IF(D79=7,V79,IF(D79=8,X79,IF(D79=9,Z79))))))) -> EM00004537
A80: =_xlfn.XLOOKUP(C80,[1]Sheet2!$D:$D,[1]Sheet2!$C:$C) -> EM00015986 | B80: 1313 | C80: NA011-D | D80: 1 | E80: 11 | F80: 46266 | G80: 46295 | H80: EM00015986 | I80: NA011-D | J80: EM00008760 | K80: NA010-D | N80: EM00004537 | O80: RD11002 | P80: EM00000000 | R80: EM00000000 | T80: EM00015388 | U80: SM002-D | V80: EM00000000 | X80: EM00000000 | Z80: EM00000000 | AB80: EM00000000 | AD80: EM00000000 | AI80: =IF(D80=1,A80=H80,IF(D80=2,A80=J80,IF(D80=4,A80=N80,IF(D80=6,A80=R80,IF(D80=7,A80=T80,IF(D80=8,A80=V80,IF(D80=9,A80=X80,IF(D80=10,A80=Z80,IF(D80=11,A80=AB80,IF(D80=12,A80=AD80,IF(D80=13,A80=AF80))))))))))) -> TRUE | AJ80: =IF(D80=1,C80=I80,IF(D80=2,C80=K80,IF(D80=4,C80=O80,IF(D80=6,C80=S80,IF(D80=7,C80=U80,IF(D80=8,C80=W80,IF(D80=9,C80=Y80,IF(D80=10,C80=AA80,IF(D80=11,C80=AC80,IF(D80=12,C80=AE80,IF(D80=13,C80=AG80))))))))))) -> TRUE | AK80: =IF(D80=1,J80,IF(D80=2,N80,IF(D80=4,R80,IF(D80=6,T80,IF(D80=7,V80,IF(D80=8,X80,IF(D80=9,Z80))))))) -> EM00008760
A81: =_xlfn.XLOOKUP(C81,[1]Sheet2!$D:$D,[1]Sheet2!$C:$C) -> EM00015988 | B81: 1313 | C81: NA012-D | D81: 1 | E81: 11 | F81: 46266 | G81: 46295 | H81: EM00015988 | I81: NA012-D | J81: EM00008760 | K81: NA010-D | N81: EM00004537 | O81: RD11002 | P81: EM00000000 | R81: EM00000000 | T81: EM00015388 | U81: SM002-D | V81: EM00000000 | X81: EM00000000 | Z81: EM00000000 | AB81: EM00000000 | AD81: EM00000000 | AI81: =IF(D81=1,A81=H81,IF(D81=2,A81=J81,IF(D81=4,A81=N81,IF(D81=6,A81=R81,IF(D81=7,A81=T81,IF(D81=8,A81=V81,IF(D81=9,A81=X81,IF(D81=10,A81=Z81,IF(D81=11,A81=AB81,IF(D81=12,A81=AD81,IF(D81=13,A81=AF81))))))))))) -> TRUE | AJ81: =IF(D81=1,C81=I81,IF(D81=2,C81=K81,IF(D81=4,C81=O81,IF(D81=6,C81=S81,IF(D81=7,C81=U81,IF(D81=8,C81=W81,IF(D81=9,C81=Y81,IF(D81=10,C81=AA81,IF(D81=11,C81=AC81,IF(D81=12,C81=AE81,IF(D81=13,C81=AG81))))))))))) -> TRUE | AK81: =IF(D81=1,J81,IF(D81=2,N81,IF(D81=4,R81,IF(D81=6,T81,IF(D81=7,V81,IF(D81=8,X81,IF(D81=9,Z81))))))) -> EM00008760
A82: =_xlfn.XLOOKUP(C82,[1]Sheet2!$D:$D,[1]Sheet2!$C:$C) -> EM00016472 | B82: 1313 | C82: NA013-D | D82: 1 | E82: 11 | F82: 46266 | G82: 46295 | H82: EM00016472 | I82: NA013-D | J82: EM00008760 | K82: NA010-D | N82: EM00004537 | O82: RD11002 | P82: EM00000000 | R82: EM00000000 | T82: EM00015388 | U82: SM002-D | V82: EM00000000 | X82: EM00000000 | Z82: EM00000000 | AB82: EM00000000 | AD82: EM00000000 | AI82: =IF(D82=1,A82=H82,IF(D82=2,A82=J82,IF(D82=4,A82=N82,IF(D82=6,A82=R82,IF(D82=7,A82=T82,IF(D82=8,A82=V82,IF(D82=9,A82=X82,IF(D82=10,A82=Z82,IF(D82=11,A82=AB82,IF(D82=12,A82=AD82,IF(D82=13,A82=AF82))))))))))) -> TRUE | AJ82: =IF(D82=1,C82=I82,IF(D82=2,C82=K82,IF(D82=4,C82=O82,IF(D82=6,C82=S82,IF(D82=7,C82=U82,IF(D82=8,C82=W82,IF(D82=9,C82=Y82,IF(D82=10,C82=AA82,IF(D82=11,C82=AC82,IF(D82=12,C82=AE82,IF(D82=13,C82=AG82))))))))))) -> TRUE | AK82: =IF(D82=1,J82,IF(D82=2,N82,IF(D82=4,R82,IF(D82=6,T82,IF(D82=7,V82,IF(D82=8,X82,IF(D82=9,Z82))))))) -> EM00008760
A83: =_xlfn.XLOOKUP(C83,[1]Sheet2!$D:$D,[1]Sheet2!$C:$C) -> EM00016382 | B83: 1313 | C83: NA014-D | D83: 1 | E83: 11 | F83: 46266 | G83: 46295 | H83: EM00016382 | I83: NA014-D | J83: EM00008760 | K83: NA010-D | N83: EM00004537 | O83: RD11002 | P83: EM00000000 | R83: EM00000000 | T83: EM00015388 | U83: SM002-D | V83: EM00000000 | X83: EM00000000 | Z83: EM00000000 | AB83: EM00000000 | AD83: EM00000000 | AI83: =IF(D83=1,A83=H83,IF(D83=2,A83=J83,IF(D83=4,A83=N83,IF(D83=6,A83=R83,IF(D83=7,A83=T83,IF(D83=8,A83=V83,IF(D83=9,A83=X83,IF(D83=10,A83=Z83,IF(D83=11,A83=AB83,IF(D83=12,A83=AD83,IF(D83=13,A83=AF83))))))))))) -> TRUE | AJ83: =IF(D83=1,C83=I83,IF(D83=2,C83=K83,IF(D83=4,C83=O83,IF(D83=6,C83=S83,IF(D83=7,C83=U83,IF(D83=8,C83=W83,IF(D83=9,C83=Y83,IF(D83=10,C83=AA83,IF(D83=11,C83=AC83,IF(D83=12,C83=AE83,IF(D83=13,C83=AG83))))))))))) -> TRUE | AK83: =IF(D83=1,J83,IF(D83=2,N83,IF(D83=4,R83,IF(D83=6,T83,IF(D83=7,V83,IF(D83=8,X83,IF(D83=9,Z83))))))) -> EM00008760
A84: =_xlfn.XLOOKUP(C84,[1]Sheet2!$D:$D,[1]Sheet2!$C:$C) -> EM00015980 | B84: 1313 | C84: NA015-D | D84: 1 | E84: 11 | F84: 46266 | G84: 46295 | H84: EM00015980 | I84: NA015-D | J84: EM00008760 | K84: NA010-D | N84: EM00004537 | O84: RD11002 | P84: EM00000000 | R84: EM00000000 | T84: EM00015388 | U84: SM002-D | V84: EM00000000 | X84: EM00000000 | Z84: EM00000000 | AB84: EM00000000 | AD84: EM00000000 | AI84: =IF(D84=1,A84=H84,IF(D84=2,A84=J84,IF(D84=4,A84=N84,IF(D84=6,A84=R84,IF(D84=7,A84=T84,IF(D84=8,A84=V84,IF(D84=9,A84=X84,IF(D84=10,A84=Z84,IF(D84=11,A84=AB84,IF(D84=12,A84=AD84,IF(D84=13,A84=AF84))))))))))) -> TRUE | AJ84: =IF(D84=1,C84=I84,IF(D84=2,C84=K84,IF(D84=4,C84=O84,IF(D84=6,C84=S84,IF(D84=7,C84=U84,IF(D84=8,C84=W84,IF(D84=9,C84=Y84,IF(D84=10,C84=AA84,IF(D84=11,C84=AC84,IF(D84=12,C84=AE84,IF(D84=13,C84=AG84))))))))))) -> TRUE | AK84: =IF(D84=1,J84,IF(D84=2,N84,IF(D84=4,R84,IF(D84=6,T84,IF(D84=7,V84,IF(D84=8,X84,IF(D84=9,Z84))))))) -> EM00008760
A85: =_xlfn.XLOOKUP(C85,[1]Sheet2!$D:$D,[1]Sheet2!$C:$C) -> EM00015762 | B85: 1313 | C85: NA016-D | D85: 1 | E85: 11 | F85: 46266 | G85: 46295 | H85: EM00015762 | I85: NA016-D | J85: EM00008760 | K85: NA010-D | N85: EM00004537 | O85: RD11002 | P85: EM00000000 | R85: EM00000000 | T85: EM00015388 | U85: SM002-D | V85: EM00000000 | X85: EM00000000 | Z85: EM00000000 | AB85: EM00000000 | AD85: EM00000000 | AI85: =IF(D85=1,A85=H85,IF(D85=2,A85=J85,IF(D85=4,A85=N85,IF(D85=6,A85=R85,IF(D85=7,A85=T85,IF(D85=8,A85=V85,IF(D85=9,A85=X85,IF(D85=10,A85=Z85,IF(D85=11,A85=AB85,IF(D85=12,A85=AD85,IF(D85=13,A85=AF85))))))))))) -> TRUE | AJ85: =IF(D85=1,C85=I85,IF(D85=2,C85=K85,IF(D85=4,C85=O85,IF(D85=6,C85=S85,IF(D85=7,C85=U85,IF(D85=8,C85=W85,IF(D85=9,C85=Y85,IF(D85=10,C85=AA85,IF(D85=11,C85=AC85,IF(D85=12,C85=AE85,IF(D85=13,C85=AG85))))))))))) -> TRUE | AK85: =IF(D85=1,J85,IF(D85=2,N85,IF(D85=4,R85,IF(D85=6,T85,IF(D85=7,V85,IF(D85=8,X85,IF(D85=9,Z85))))))) -> EM00008760
A86: =_xlfn.XLOOKUP(C86,[1]Sheet2!$D:$D,[1]Sheet2!$C:$C) -> EM00008760 | B86: 1313 | C86: NA010-D | D86: 2 | E86: 11 | F86: 46266 | G86: 46295 | J86: EM00008760 | K86: NA010-D | N86: EM00004537 | O86: RD11002 | P86: EM00000000 | R86: EM00000000 | T86: EM00015388 | U86: SM002-D | V86: EM00000000 | X86: EM00000000 | Z86: EM00000000 | AB86: EM00000000 | AD86: EM00000000 | AI86: =IF(D86=1,A86=H86,IF(D86=2,A86=J86,IF(D86=4,A86=N86,IF(D86=6,A86=R86,IF(D86=7,A86=T86,IF(D86=8,A86=V86,IF(D86=9,A86=X86,IF(D86=10,A86=Z86,IF(D86=11,A86=AB86,IF(D86=12,A86=AD86,IF(D86=13,A86=AF86))))))))))) -> TRUE | AJ86: =IF(D86=1,C86=I86,IF(D86=2,C86=K86,IF(D86=4,C86=O86,IF(D86=6,C86=S86,IF(D86=7,C86=U86,IF(D86=8,C86=W86,IF(D86=9,C86=Y86,IF(D86=10,C86=AA86,IF(D86=11,C86=AC86,IF(D86=12,C86=AE86,IF(D86=13,C86=AG86))))))))))) -> TRUE | AK86: =IF(D86=1,J86,IF(D86=2,N86,IF(D86=4,R86,IF(D86=6,T86,IF(D86=7,V86,IF(D86=8,X86,IF(D86=9,Z86))))))) -> EM00004537
A87: =_xlfn.XLOOKUP(C87,[1]Sheet2!$D:$D,[1]Sheet2!$C:$C) -> EM00016280 | B87: 1313 | C87: NA021-D | D87: 1 | E87: 11 | F87: 46266 | G87: 46295 | H87: EM00016280 | I87: NA021-D | J87: EM00000000 | K87: NA020-D | N87: EM00004537 | O87: RD11002 | P87: EM00000000 | R87: EM00000000 | T87: EM00015388 | U87: SM002-D | V87: EM00000000 | X87: EM00000000 | Z87: EM00000000 | AB87: EM00000000 | AD87: EM00000000 | AI87: =IF(D87=1,A87=H87,IF(D87=2,A87=J87,IF(D87=4,A87=N87,IF(D87=6,A87=R87,IF(D87=7,A87=T87,IF(D87=8,A87=V87,IF(D87=9,A87=X87,IF(D87=10,A87=Z87,IF(D87=11,A87=AB87,IF(D87=12,A87=AD87,IF(D87=13,A87=AF87))))))))))) -> TRUE | AJ87: =IF(D87=1,C87=I87,IF(D87=2,C87=K87,IF(D87=4,C87=O87,IF(D87=6,C87=S87,IF(D87=7,C87=U87,IF(D87=8,C87=W87,IF(D87=9,C87=Y87,IF(D87=10,C87=AA87,IF(D87=11,C87=AC87,IF(D87=12,C87=AE87,IF(D87=13,C87=AG87))))))))))) -> TRUE | AK87: =IF(D87=1,J87,IF(D87=2,N87,IF(D87=4,R87,IF(D87=6,T87,IF(D87=7,V87,IF(D87=8,X87,IF(D87=9,Z87))))))) -> EM00000000
A88: =_xlfn.XLOOKUP(C88,[1]Sheet2!$D:$D,[1]Sheet2!$C:$C) -> EM00015979 | B88: 1313 | C88: NA022-D | D88: 1 | E88: 11 | F88: 46266 | G88: 46295 | H88: EM00015979 | I88: NA022-D | J88: EM00000000 | K88: NA020-D | N88: EM00004537 | O88: RD11002 | P88: EM00000000 | R88: EM00000000 | T88: EM00015388 | U88: SM002-D | V88: EM00000000 | X88: EM00000000 | Z88: EM00000000 | AB88: EM00000000 | AD88: EM00000000 | AI88: =IF(D88=1,A88=H88,IF(D88=2,A88=J88,IF(D88=4,A88=N88,IF(D88=6,A88=R88,IF(D88=7,A88=T88,IF(D88=8,A88=V88,IF(D88=9,A88=X88,IF(D88=10,A88=Z88,IF(D88=11,A88=AB88,IF(D88=12,A88=AD88,IF(D88=13,A88=AF88))))))))))) -> TRUE | AJ88: =IF(D88=1,C88=I88,IF(D88=2,C88=K88,IF(D88=4,C88=O88,IF(D88=6,C88=S88,IF(D88=7,C88=U88,IF(D88=8,C88=W88,IF(D88=9,C88=Y88,IF(D88=10,C88=AA88,IF(D88=11,C88=AC88,IF(D88=12,C88=AE88,IF(D88=13,C88=AG88))))))))))) -> TRUE | AK88: =IF(D88=1,J88,IF(D88=2,N88,IF(D88=4,R88,IF(D88=6,T88,IF(D88=7,V88,IF(D88=8,X88,IF(D88=9,Z88))))))) -> EM00000000
A89: =_xlfn.XLOOKUP(C89,[1]Sheet2!$D:$D,[1]Sheet2!$C:$C) -> EM00015993 | B89: 1313 | C89: NA023-D | D89: 1 | E89: 11 | F89: 46266 | G89: 46295 | H89: EM00015993 | I89: NA023-D | J89: EM00000000 | K89: NA020-D | N89: EM00004537 | O89: RD11002 | P89: EM00000000 | R89: EM00000000 | T89: EM00015388 | U89: SM002-D | V89: EM00000000 | X89: EM00000000 | Z89: EM00000000 | AB89: EM00000000 | AD89: EM00000000 | AI89: =IF(D89=1,A89=H89,IF(D89=2,A89=J89,IF(D89=4,A89=N89,IF(D89=6,A89=R89,IF(D89=7,A89=T89,IF(D89=8,A89=V89,IF(D89=9,A89=X89,IF(D89=10,A89=Z89,IF(D89=11,A89=AB89,IF(D89=12,A89=AD89,IF(D89=13,A89=AF89))))))))))) -> TRUE | AJ89: =IF(D89=1,C89=I89,IF(D89=2,C89=K89,IF(D89=4,C89=O89,IF(D89=6,C89=S89,IF(D89=7,C89=U89,IF(D89=8,C89=W89,IF(D89=9,C89=Y89,IF(D89=10,C89=AA89,IF(D89=11,C89=AC89,IF(D89=12,C89=AE89,IF(D89=13,C89=AG89))))))))))) -> TRUE | AK89: =IF(D89=1,J89,IF(D89=2,N89,IF(D89=4,R89,IF(D89=6,T89,IF(D89=7,V89,IF(D89=8,X89,IF(D89=9,Z89))))))) -> EM00000000
A90: =_xlfn.XLOOKUP(C90,[1]Sheet2!$D:$D,[1]Sheet2!$C:$C) -> EM00016273 | B90: 1313 | C90: NA024-D | D90: 1 | E90: 11 | F90: 46266 | G90: 46295 | H90: EM00016273 | I90: NA024-D | J90: EM00000000 | K90: NA020-D | N90: EM00004537 | O90: RD11002 | P90: EM00000000 | R90: EM00000000 | T90: EM00015388 | U90: SM002-D | V90: EM00000000 | X90: EM00000000 | Z90: EM00000000 | AB90: EM00000000 | AD90: EM00000000 | AI90: =IF(D90=1,A90=H90,IF(D90=2,A90=J90,IF(D90=4,A90=N90,IF(D90=6,A90=R90,IF(D90=7,A90=T90,IF(D90=8,A90=V90,IF(D90=9,A90=X90,IF(D90=10,A90=Z90,IF(D90=11,A90=AB90,IF(D90=12,A90=AD90,IF(D90=13,A90=AF90))))))))))) -> TRUE | AJ90: =IF(D90=1,C90=I90,IF(D90=2,C90=K90,IF(D90=4,C90=O90,IF(D90=6,C90=S90,IF(D90=7,C90=U90,IF(D90=8,C90=W90,IF(D90=9,C90=Y90,IF(D90=10,C90=AA90,IF(D90=11,C90=AC90,IF(D90=12,C90=AE90,IF(D90=13,C90=AG90))))))))))) -> TRUE | AK90: =IF(D90=1,J90,IF(D90=2,N90,IF(D90=4,R90,IF(D90=6,T90,IF(D90=7,V90,IF(D90=8,X90,IF(D90=9,Z90))))))) -> EM00000000
A91: =_xlfn.XLOOKUP(C91,[1]Sheet2!$D:$D,[1]Sheet2!$C:$C) -> EM00015982 | B91: 1313 | C91: NA025-D | D91: 1 | E91: 11 | F91: 46266 | G91: 46295 | H91: EM00015982 | I91: NA025-D | J91: EM00000000 | K91: NA020-D | N91: EM00004537 | O91: RD11002 | P91: EM00000000 | R91: EM00000000 | T91: EM00015388 | U91: SM002-D | V91: EM00000000 | X91: EM00000000 | Z91: EM00000000 | AB91: EM00000000 | AD91: EM00000000 | AI91: =IF(D91=1,A91=H91,IF(D91=2,A91=J91,IF(D91=4,A91=N91,IF(D91=6,A91=R91,IF(D91=7,A91=T91,IF(D91=8,A91=V91,IF(D91=9,A91=X91,IF(D91=10,A91=Z91,IF(D91=11,A91=AB91,IF(D91=12,A91=AD91,IF(D91=13,A91=AF91))))))))))) -> TRUE | AJ91: =IF(D91=1,C91=I91,IF(D91=2,C91=K91,IF(D91=4,C91=O91,IF(D91=6,C91=S91,IF(D91=7,C91=U91,IF(D91=8,C91=W91,IF(D91=9,C91=Y91,IF(D91=10,C91=AA91,IF(D91=11,C91=AC91,IF(D91=12,C91=AE91,IF(D91=13,C91=AG91))))))))))) -> TRUE | AK91: =IF(D91=1,J91,IF(D91=2,N91,IF(D91=4,R91,IF(D91=6,T91,IF(D91=7,V91,IF(D91=8,X91,IF(D91=9,Z91))))))) -> EM00000000
A92: =_xlfn.XLOOKUP(C92,[1]Sheet2!$D:$D,[1]Sheet2!$C:$C) -> EM00016390 | B92: 1313 | C92: NA026-D | D92: 1 | E92: 11 | F92: 46266 | G92: 46295 | H92: EM00016390 | I92: NA026-D | J92: EM00000000 | K92: NA020-D | N92: EM00004537 | O92: RD11002 | P92: EM00000000 | R92: EM00000000 | T92: EM00015388 | U92: SM002-D | V92: EM00000000 | X92: EM00000000 | Z92: EM00000000 | AB92: EM00000000 | AD92: EM00000000 | AI92: =IF(D92=1,A92=H92,IF(D92=2,A92=J92,IF(D92=4,A92=N92,IF(D92=6,A92=R92,IF(D92=7,A92=T92,IF(D92=8,A92=V92,IF(D92=9,A92=X92,IF(D92=10,A92=Z92,IF(D92=11,A92=AB92,IF(D92=12,A92=AD92,IF(D92=13,A92=AF92))))))))))) -> TRUE | AJ92: =IF(D92=1,C92=I92,IF(D92=2,C92=K92,IF(D92=4,C92=O92,IF(D92=6,C92=S92,IF(D92=7,C92=U92,IF(D92=8,C92=W92,IF(D92=9,C92=Y92,IF(D92=10,C92=AA92,IF(D92=11,C92=AC92,IF(D92=12,C92=AE92,IF(D92=13,C92=AG92))))))))))) -> TRUE | AK92: =IF(D92=1,J92,IF(D92=2,N92,IF(D92=4,R92,IF(D92=6,T92,IF(D92=7,V92,IF(D92=8,X92,IF(D92=9,Z92))))))) -> EM00000000
A93: =_xlfn.XLOOKUP(C93,[1]Sheet2!$D:$D,[1]Sheet2!$C:$C) -> EM00000000 | B93: 1313 | C93: NA020-D | D93: 2 | E93: 11 | F93: 46266 | G93: 46295 | J93: EM00000000 | K93: NA020-D | N93: EM00004537 | O93: RD11002 | P93: EM00000000 | R93: EM00000000 | T93: EM00015388 | U93: SM002-D | V93: EM00000000 | X93: EM00000000 | Z93: EM00000000 | AB93: EM00000000 | AD93: EM00000000 | AI93: =IF(D93=1,A93=H93,IF(D93=2,A93=J93,IF(D93=4,A93=N93,IF(D93=6,A93=R93,IF(D93=7,A93=T93,IF(D93=8,A93=V93,IF(D93=9,A93=X93,IF(D93=10,A93=Z93,IF(D93=11,A93=AB93,IF(D93=12,A93=AD93,IF(D93=13,A93=AF93))))))))))) -> TRUE | AJ93: =IF(D93=1,C93=I93,IF(D93=2,C93=K93,IF(D93=4,C93=O93,IF(D93=6,C93=S93,IF(D93=7,C93=U93,IF(D93=8,C93=W93,IF(D93=9,C93=Y93,IF(D93=10,C93=AA93,IF(D93=11,C93=AC93,IF(D93=12,C93=AE93,IF(D93=13,C93=AG93))))))))))) -> TRUE | AK93: =IF(D93=1,J93,IF(D93=2,N93,IF(D93=4,R93,IF(D93=6,T93,IF(D93=7,V93,IF(D93=8,X93,IF(D93=9,Z93))))))) -> EM00004537
A94: =_xlfn.XLOOKUP(C94,[1]Sheet2!$D:$D,[1]Sheet2!$C:$C) -> EM00016505 | B94: 1311 | C94: DH051-D | D94: 1 | E94: 11 | F94: 46266 | G94: 46295 | H94: EM00016505 | I94: DH051-D | J94: EM00010882 | K94: PA020-D | N94: EM00004537 | O94: RD11002 | P94: EM00000000 | R94: EM00000000 | T94: EM00015388 | U94: SM002-D | V94: EM00000000 | X94: EM00000000 | Z94: EM00000000 | AB94: EM00000000 | AD94: EM00000000 | AI94: =IF(D94=1,A94=H94,IF(D94=2,A94=J94,IF(D94=4,A94=N94,IF(D94=6,A94=R94,IF(D94=7,A94=T94,IF(D94=8,A94=V94,IF(D94=9,A94=X94,IF(D94=10,A94=Z94,IF(D94=11,A94=AB94,IF(D94=12,A94=AD94,IF(D94=13,A94=AF94))))))))))) -> TRUE | AJ94: =IF(D94=1,C94=I94,IF(D94=2,C94=K94,IF(D94=4,C94=O94,IF(D94=6,C94=S94,IF(D94=7,C94=U94,IF(D94=8,C94=W94,IF(D94=9,C94=Y94,IF(D94=10,C94=AA94,IF(D94=11,C94=AC94,IF(D94=12,C94=AE94,IF(D94=13,C94=AG94))))))))))) -> TRUE | AK94: =IF(D94=1,J94,IF(D94=2,N94,IF(D94=4,R94,IF(D94=6,T94,IF(D94=7,V94,IF(D94=8,X94,IF(D94=9,Z94))))))) -> EM00010882
A95: =_xlfn.XLOOKUP(C95,[1]Sheet2!$D:$D,[1]Sheet2!$C:$C) -> EM00015757 | B95: 1310 | C95: PA021-D | D95: 1 | E95: 11 | F95: 46266 | G95: 46295 | H95: EM00015757 | I95: PA021-D | J95: EM00010882 | K95: PA020-D | N95: EM00004537 | O95: RD11002 | P95: EM00000000 | R95: EM00000000 | T95: EM00015388 | U95: SM002-D | V95: EM00000000 | X95: EM00000000 | Z95: EM00000000 | AB95: EM00000000 | AD95: EM00000000 | AI95: =IF(D95=1,A95=H95,IF(D95=2,A95=J95,IF(D95=4,A95=N95,IF(D95=6,A95=R95,IF(D95=7,A95=T95,IF(D95=8,A95=V95,IF(D95=9,A95=X95,IF(D95=10,A95=Z95,IF(D95=11,A95=AB95,IF(D95=12,A95=AD95,IF(D95=13,A95=AF95))))))))))) -> TRUE | AJ95: =IF(D95=1,C95=I95,IF(D95=2,C95=K95,IF(D95=4,C95=O95,IF(D95=6,C95=S95,IF(D95=7,C95=U95,IF(D95=8,C95=W95,IF(D95=9,C95=Y95,IF(D95=10,C95=AA95,IF(D95=11,C95=AC95,IF(D95=12,C95=AE95,IF(D95=13,C95=AG95))))))))))) -> TRUE | AK95: =IF(D95=1,J95,IF(D95=2,N95,IF(D95=4,R95,IF(D95=6,T95,IF(D95=7,V95,IF(D95=8,X95,IF(D95=9,Z95))))))) -> EM00010882
A96: =_xlfn.XLOOKUP(C96,[1]Sheet2!$D:$D,[1]Sheet2!$C:$C) -> EM00016036 | B96: 1310 | C96: PA022-D | D96: 1 | E96: 11 | F96: 46266 | G96: 46295 | H96: EM00016036 | I96: PA022-D | J96: EM00010882 | K96: PA020-D | N96: EM00004537 | O96: RD11002 | P96: EM00000000 | R96: EM00000000 | T96: EM00015388 | U96: SM002-D | V96: EM00000000 | X96: EM00000000 | Z96: EM00000000 | AB96: EM00000000 | AD96: EM00000000 | AI96: =IF(D96=1,A96=H96,IF(D96=2,A96=J96,IF(D96=4,A96=N96,IF(D96=6,A96=R96,IF(D96=7,A96=T96,IF(D96=8,A96=V96,IF(D96=9,A96=X96,IF(D96=10,A96=Z96,IF(D96=11,A96=AB96,IF(D96=12,A96=AD96,IF(D96=13,A96=AF96))))))))))) -> TRUE | AJ96: =IF(D96=1,C96=I96,IF(D96=2,C96=K96,IF(D96=4,C96=O96,IF(D96=6,C96=S96,IF(D96=7,C96=U96,IF(D96=8,C96=W96,IF(D96=9,C96=Y96,IF(D96=10,C96=AA96,IF(D96=11,C96=AC96,IF(D96=12,C96=AE96,IF(D96=13,C96=AG96))))))))))) -> TRUE | AK96: =IF(D96=1,J96,IF(D96=2,N96,IF(D96=4,R96,IF(D96=6,T96,IF(D96=7,V96,IF(D96=8,X96,IF(D96=9,Z96))))))) -> EM00010882
A97: =_xlfn.XLOOKUP(C97,[1]Sheet2!$D:$D,[1]Sheet2!$C:$C) -> EM00015753 | B97: 1310 | C97: PA023-D | D97: 1 | E97: 11 | F97: 46266 | G97: 46295 | H97: EM00015753 | I97: PA023-D | J97: EM00010882 | K97: PA020-D | N97: EM00004537 | O97: RD11002 | P97: EM00000000 | R97: EM00000000 | T97: EM00015388 | U97: SM002-D | V97: EM00000000 | X97: EM00000000 | Z97: EM00000000 | AB97: EM00000000 | AD97: EM00000000 | AI97: =IF(D97=1,A97=H97,IF(D97=2,A97=J97,IF(D97=4,A97=N97,IF(D97=6,A97=R97,IF(D97=7,A97=T97,IF(D97=8,A97=V97,IF(D97=9,A97=X97,IF(D97=10,A97=Z97,IF(D97=11,A97=AB97,IF(D97=12,A97=AD97,IF(D97=13,A97=AF97))))))))))) -> TRUE | AJ97: =IF(D97=1,C97=I97,IF(D97=2,C97=K97,IF(D97=4,C97=O97,IF(D97=6,C97=S97,IF(D97=7,C97=U97,IF(D97=8,C97=W97,IF(D97=9,C97=Y97,IF(D97=10,C97=AA97,IF(D97=11,C97=AC97,IF(D97=12,C97=AE97,IF(D97=13,C97=AG97))))))))))) -> TRUE | AK97: =IF(D97=1,J97,IF(D97=2,N97,IF(D97=4,R97,IF(D97=6,T97,IF(D97=7,V97,IF(D97=8,X97,IF(D97=9,Z97))))))) -> EM00010882
A98: =_xlfn.XLOOKUP(C98,[1]Sheet2!$D:$D,[1]Sheet2!$C:$C) -> EM00010882 | B98: 1310 | C98: PA020-D | D98: 2 | E98: 11 | F98: 46266 | G98: 46295 | J98: EM00010882 | K98: PA020-D | N98: EM00004537 | O98: RD11002 | P98: EM00000000 | R98: EM00000000 | T98: EM00015388 | U98: SM002-D | V98: EM00000000 | X98: EM00000000 | Z98: EM00000000 | AB98: EM00000000 | AD98: EM00000000 | AI98: =IF(D98=1,A98=H98,IF(D98=2,A98=J98,IF(D98=4,A98=N98,IF(D98=6,A98=R98,IF(D98=7,A98=T98,IF(D98=8,A98=V98,IF(D98=9,A98=X98,IF(D98=10,A98=Z98,IF(D98=11,A98=AB98,IF(D98=12,A98=AD98,IF(D98=13,A98=AF98))))))))))) -> TRUE | AJ98: =IF(D98=1,C98=I98,IF(D98=2,C98=K98,IF(D98=4,C98=O98,IF(D98=6,C98=S98,IF(D98=7,C98=U98,IF(D98=8,C98=W98,IF(D98=9,C98=Y98,IF(D98=10,C98=AA98,IF(D98=11,C98=AC98,IF(D98=12,C98=AE98,IF(D98=13,C98=AG98))))))))))) -> TRUE | AK98: =IF(D98=1,J98,IF(D98=2,N98,IF(D98=4,R98,IF(D98=6,T98,IF(D98=7,V98,IF(D98=8,X98,IF(D98=9,Z98))))))) -> EM00004537
A99: =_xlfn.XLOOKUP(C99,[1]Sheet2!$D:$D,[1]Sheet2!$C:$C) -> EM00010882 | B99: 1311 | C99: PA020-D | D99: 2 | E99: 11 | F99: 46266 | G99: 46295 | J99: EM00010882 | K99: PA020-D | N99: EM00004537 | O99: RD11002 | P99: EM00000000 | R99: EM00000000 | T99: EM00015388 | U99: SM002-D | V99: EM00000000 | X99: EM00000000 | Z99: EM00000000 | AB99: EM00000000 | AD99: EM00000000 | AI99: =IF(D99=1,A99=H99,IF(D99=2,A99=J99,IF(D99=4,A99=N99,IF(D99=6,A99=R99,IF(D99=7,A99=T99,IF(D99=8,A99=V99,IF(D99=9,A99=X99,IF(D99=10,A99=Z99,IF(D99=11,A99=AB99,IF(D99=12,A99=AD99,IF(D99=13,A99=AF99))))))))))) -> TRUE | AJ99: =IF(D99=1,C99=I99,IF(D99=2,C99=K99,IF(D99=4,C99=O99,IF(D99=6,C99=S99,IF(D99=7,C99=U99,IF(D99=8,C99=W99,IF(D99=9,C99=Y99,IF(D99=10,C99=AA99,IF(D99=11,C99=AC99,IF(D99=12,C99=AE99,IF(D99=13,C99=AG99))))))))))) -> TRUE | AK99: =IF(D99=1,J99,IF(D99=2,N99,IF(D99=4,R99,IF(D99=6,T99,IF(D99=7,V99,IF(D99=8,X99,IF(D99=9,Z99))))))) -> EM00004537
A100: =_xlfn.XLOOKUP(C100,[1]Sheet2!$D:$D,[1]Sheet2!$C:$C) -> EM00015741 | B100: 1310 | C100: PA031-D | D100: 1 | E100: 11 | F100: 46266 | G100: 46295 | H100: EM00015741 | I100: PA031-D | J100: EM00000000 | K100: PA030-D | N100: EM00004537 | O100: RD11002 | P100: EM00000000 | R100: EM00000000 | T100: EM00015388 | U100: SM002-D | V100: EM00000000 | X100: EM00000000 | Z100: EM00000000 | AB100: EM00000000 | AD100: EM00000000 | AI100: =IF(D100=1,A100=H100,IF(D100=2,A100=J100,IF(D100=4,A100=N100,IF(D100=6,A100=R100,IF(D100=7,A100=T100,IF(D100=8,A100=V100,IF(D100=9,A100=X100,IF(D100=10,A100=Z100,IF(D100=11,A100=AB100,IF(D100=12,A100=AD100,IF(D100=13,A100=AF100))))))))))) -> TRUE | AJ100: =IF(D100=1,C100=I100,IF(D100=2,C100=K100,IF(D100=4,C100=O100,IF(D100=6,C100=S100,IF(D100=7,C100=U100,IF(D100=8,C100=W100,IF(D100=9,C100=Y100,IF(D100=10,C100=AA100,IF(D100=11,C100=AC100,IF(D100=12,C100=AE100,IF(D100=13,C100=AG100))))))))))) -> TRUE | AK100: =IF(D100=1,J100,IF(D100=2,N100,IF(D100=4,R100,IF(D100=6,T100,IF(D100=7,V100,IF(D100=8,X100,IF(D100=9,Z100))))))) -> EM00000000
...

Sheet Sheet1
A1: Market wise Sales Target Sep'26
C2: DNR
A3: Market Code | B3: Market Name | C3: Sales Target
A4: CH011-D | B4: CMCH+EPIC-1 | C4: 396020
A5: CH012-D | B5: CMCH+POPULAR+EPIC-2+PEOPLES | C5: 371600 | H5: Region wise Sales Target Sep'26
A6: CH013-D | B6: RAOZAN+RANGAMATI | C6: 717770
A7: CH014-D | B7: CMCH+CSCR+LAB AID | C7: 304270 | J7: DNR
A8: CH015-D | B8: NOAPARA+KAPTAI | C8: 668700 | H8: Region Code | I8: Region Name | J8: Sales Target
A9: CH016-D | B9: HATHAZARI | C9: 464180 | H9: RD11001 | I9: Dhaka-1 | J9: 11241570
A10: CH021-D | B10: FATIKCHARI+KHAGRACHARI | C10: 948650 | H10: RD11002 | I10: Dhaka-2 | J10: 14903650
A11: CH022-D | B11: CMCH+CHEVRON+BELL VIEW | C11: 355330 | H11: RD11003 | I11: Uttara | J11: 13680640
A12: CH023-D | B12: CMCH+PARKVIEW+IBN SINA | C12: 286060 | H12: RD11004 | I12: Sylhet | J12: 23562740
A13: CH024-D | B13: NAZIRHAT | C13: 430920 | H13: RD11005 | I13: Chattogram | J13: 24366840
A14: CH025-D | B14: CIMCH+BOALKHALI | C14: 724550 | H14: RD11006 | I14: Khulna | J14: 15495220
A15: CH031-D | B15: CMOSGH | C15: 389560 | H15: RD11007 | I15: Rajshahi | J15: 9185960
A16: CH032-D | B16: SKIN HOSPITAL | C16: 323140 | H16: RD11008 | I16: Rangpur | J16: 7563380
A17: CH033-D | B17: BANDARTILA | C17: 567360 | I17: Total | J17: =SUM(J9:J16) -> 120000000
A18: CH034-D | B18: JAMALKHAN | C18: 391640
A19: CH035-D | B19: NATIONAL HOSPITAL/MEDICAL CENTER | C19: 346090
A20: CH036-D | B20: O R NIZAM ROAD | C20: 366260
A21: CH037-D | B21: SITAKUNDA+SANDIP | C21: 878110
A22: CH041-D | B22: KERANIHAT+BANDARBAN | C22: 366420
A23: CH042-D | B23: KERANIHAT+DOHAZARI+SATKANIA | C23: 325720
A24: CH043-D | B24: PATIYA | C24: 630140
A25: CH044-D | B25: ANOWARA | C25: 637950
A26: CH045-D | B26: BASHKHALI | C26: 505580
A27: CH711-D | B27: Hazari Lane WH | C27: 15700
A28: CO011-D | B28: COXMCH+ RAMU | C28: 309880
A29: CO012-D | B29: COXMCH+ MOHESKHALI | C29: 484400
... A255: UT025-D | B255: IMCH+TMMCH | C255: 510900
