Workbook
Name aa: 'Jan-Dec-26'!#REF!
Name aa: #REF!
Name aaa: #REF!

Sheet Jan-Dec-26
A1: emp_id | B1: emp_name | C1: depot_code | D1: depot_name | E1: emp_terri | F1: division | G1: hieararchy | H1: Jan_Tar | I1: Jan_Sol | J1: Jan_Ach | K1: Feb_Tar | L1: Feb_Sol | M1: Feb_Ach | N1: Mar_Tar | O1: Mar_Sol | P1: Mar_Ach | Q1: Apr_Tar | R1: Apr_Sol | S1: Apr_Ach | T1: May_Tar | U1: May_Sol | V1: May_Ach | W1: Jun_Tar | X1: Jun_Sol | Y1: Jun_Ach | Z1: Jul_Tar | AA1: Jul_Sol | AB1: Jul_Ach | AC1: Aug_Tar | AD1: Aug_Sol | AE1: Aug_Ach | AF1: Sep_Tar | AG1: Sep_Sol | AH1: Sep_Ach | AI1: Oct_Tar | AJ1: Oct_Sol | AK1: Oct_Ach | AL1: Nov_Tar | AM1: Nov_Sol | AN1: Nov_Ach | AO1: Dec_Tar | AP1: Dec_Sol | AQ1: Dec_Ach | AR1: Total_Tar | AS1: Total_Sol | AT1: Total_Ach | AU1: year
A2: EM00014208 | B2: Md. Sajib Hosen | C2: 1311 | D2: Dhanmondi | E2: DH055-G | F2: 02 | G2: 1 | H2: 2.8 | I2: 4.6009907 | J2: 164.32 | K2: 2.6 | L2: 5.663895 | M2: 217.84 | N2: 2.7 | O2: 4.8499094 | P2: 179.62 | Q2: 2.9 | R2: 6.5619263 | S2: 226.27332 | T2: 2.9 | U2: 5.7946521 | V2: 199.81559 | W2: 3.26 | X2: 6.1861915 | Y2: 189.76048 | Z2: 3.26 | AA2: 6.3564191 | AB2: 194.98218 | AC2: 3.35 | AD2: 7.0607915 | AE2: 210.76 | AF2: 0 | AG2: 0 | AH2: 0 | AI2: 0 | AJ2: 0 | AK2: 0 | AL2: 0 | AM2: 0 | AN2: 0 | AO2: 0 | AP2: 0 | AQ2: 0 | AR2: 23.77 | AS2: 47.074776 | AT2: 198.04281 | AU2: 2026
A3: EM00014431 | B3: Hasanuzzaman . | C3: 1326 | D3: Barishal | E3: BA014-V | F3: 04 | G3: 1 | H3: 7.04 | I3: 9.2406213 | J3: 131.25 | K3: 7.04 | L3: 10.112029 | M3: 143.63 | N3: 7.2 | O3: 10.738786 | P3: 149.14 | Q3: 7.68 | R3: 10.660521 | S3: 138.80887 | T3: 7.88 | U3: 11.431695 | V3: 145.07227 | W3: 8.54 | X3: 11.329352 | Y3: 132.6622 | Z3: 8.9 | AA3: 11.945526 | AB3: 134.2194 | AC3: 9.65 | AD3: 13.996544 | AE3: 145.04 | AF3: 0 | AG3: 0 | AH3: 0 | AI3: 0 | AJ3: 0 | AK3: 0 | AL3: 0 | AM3: 0 | AN3: 0 | AO3: 0 | AP3: 0 | AQ3: 0 | AR3: 63.93 | AS3: 89.455074 | AT3: 139.9266 | AU3: 2026
A4: EM00015197 | B4: Mehedi Hasan Shakil | C4: 1335 | D4: RJS+KST | E4: RA011-N | F4: 03 | G4: 1 | H4: 6.801 | I4: 14.864922 | J4: 218.56 | K4: 6.801 | L4: 8.5386054 | M4: 125.54 | N4: 6.75 | O4: 8.0421592 | P4: 119.14 | Q4: 6.8 | R4: 9.6240317 | S4: 141.52988 | T4: 7.5 | U4: 9.5660895 | V4: 127.54786 | W4: 7.5 | X4: 9.3830671 | Y4: 125.10756 | Z4: 8.4 | AA4: 10.253863 | AB4: 122.06979 | AC4: 8.401 | AD4: 10.134238 | AE4: 120.63 | AF4: 0 | AG4: 0 | AH4: 0 | AI4: 0 | AJ4: 0 | AK4: 0 | AL4: 0 | AM4: 0 | AN4: 0 | AO4: 0 | AP4: 0 | AQ4: 0 | AR4: 58.953 | AS4: 80.406975 | AT4: 136.39166 | AU4: 2026
A5: EM00013041 | B5: Md. Mahfuzur Rahman | C5: 1311 | D5: Dhanmondi | E5: DH044-G | F5: 02 | G5: 1 | H5: 1.35 | I5: 1.6425579 | J5: 121.67 | K5: 1.25 | L5: 1.333151 | M5: 106.65 | N5: 1.3 | O5: 1.3691141 | P5: 105.31 | Q5: 1.4 | R5: 1.4031462 | S5: 100.22473 | T5: 1.35 | U5: 1.7417103 | V5: 129.01558 | W5: 1.5 | X5: 1.813188 | Y5: 120.8792 | Z5: 1.5 | AA5: 2.0278849 | AB5: 135.19233 | AC5: 1.55 | AD5: 3.4063234 | AE5: 219.76 | AF5: 0 | AG5: 0 | AH5: 0 | AI5: 0 | AJ5: 0 | AK5: 0 | AL5: 0 | AM5: 0 | AN5: 0 | AO5: 0 | AP5: 0 | AQ5: 0 | AR5: 11.2 | AS5: 14.737076 | AT5: 131.58103 | AU5: 2026
A6: EM00015675 | B6: Md. Ramjan Howlader | C6: 1311 | D6: Dhanmondi | E6: DH032-G | F6: 02 | G6: 1 | H6: 0 | I6: 0 | J6: 0 | K6: 2.4 | L6: 2.4521012 | M6: 102.17 | N6: 1.6 | O6: 1.8935958 | P6: 118.34 | Q6: 1.6 | R6: 3.2248689 | S6: 201.55431 | T6: 2.5 | U6: 2.4234316 | V6: 96.937264 | W6: 2.65 | X6: 3.8618833 | Y6: 145.73145 | Z6: 2.65 | AA6: 4.0745291 | AB6: 153.75582 | AC6: 2.75 | AD6: 3.2955861 | AE6: 119.83 | AF6: 0 | AG6: 0 | AH6: 0 | AI6: 0 | AJ6: 0 | AK6: 0 | AL6: 0 | AM6: 0 | AN6: 0 | AO6: 0 | AP6: 0 | AQ6: 0 | AR6: 16.15 | AS6: 21.225996 | AT6: 131.43032 | AU6: 2026
A7: EM00012251 | B7: Sanowar Hossain | C7: 1317 | D7: Cumilla | E7: CU021-V | F7: 04 | G7: 1 | H7: 7.86 | I7: 10.702689 | J7: 136.16 | K7: 7.86 | L7: 9.8785456 | M7: 125.68 | N7: 8.04 | O7: 9.5918005 | P7: 119.3 | Q7: 8.69 | R7: 12.680059 | S7: 145.91552 | T7: 8.85 | U7: 12.057018 | V7: 136.23749 | W7: 9.8 | X7: 13.351444 | Y7: 136.23923 | Z7: 10.18 | AA7: 12.93666 | AB7: 127.07917 | AC7: 10.93 | AD7: 12.694474 | AE7: 116.14 | AF7: 0 | AG7: 0 | AH7: 0 | AI7: 0 | AJ7: 0 | AK7: 0 | AL7: 0 | AM7: 0 | AN7: 0 | AO7: 0 | AP7: 0 | AQ7: 0 | AR7: 72.21 | AS7: 93.89269 | AT7: 130.02727 | AU7: 2026
A8: EM00014588 | B8: Md. Junayed | C8: 1314 | D8: Mymensingh | E8: MY023-A | F8: 01 | G8: 1 | H8: 4.2334 | I8: 4.2813024 | J8: 101.13 | K8: 4.2032 | L8: 5.2536337 | M8: 124.99 | N8: 4.2032 | O8: 4.7505519 | P8: 113.02 | Q8: 4.3805 | R8: 5.2360572 | S8: 119.53104 | T8: 4.4805 | U8: 5.4081536 | V8: 120.70424 | W8: 4.4805 | X8: 7.1142302 | Y8: 158.78206 | Z8: 4.3345 | AA8: 6.1941079 | AB8: 142.90248 | AC8: 4.3024 | AD8: 6.0873754 | AE8: 141.48 | AF8: 0 | AG8: 0 | AH8: 0 | AI8: 0 | AJ8: 0 | AK8: 0 | AL8: 0 | AM8: 0 | AN8: 0 | AO8: 0 | AP8: 0 | AQ8: 0 | AR8: 34.6182 | AS8: 44.325412 | AT8: 128.04078 | AU8: 2026
A9: EM00012933 | B9: Amanulla . | C9: 1310 | D9: Paltan | E9: PA074-G | F9: 02 | G9: 1 | H9: 8.15 | I9: 8.7417938 | J9: 107.26 | K9: 8 | L9: 11.026777 | M9: 137.83 | N9: 8.13 | O9: 9.960232 | P9: 122.51 | Q9: 9 | R9: 11.340197 | S9: 126.00219 | T9: 8.8 | U9: 11.094726 | V9: 126.07644 | W9: 9.65 | X9: 11.673773 | Y9: 120.97174 | Z9: 9.65 | AA9: 13.635681 | AB9: 141.3024 | AC9: 10.35 | AD9: 13.851335 | AE9: 133.82 | AF9: 0 | AG9: 0 | AH9: 0 | AI9: 0 | AJ9: 0 | AK9: 0 | AL9: 0 | AM9: 0 | AN9: 0 | AO9: 0 | AP9: 0 | AQ9: 0 | AR9: 71.73 | AS9: 91.324516 | AT9: 127.31704 | AU9: 2026
A10: EM00015940 | B10: Md. Sohrab Uddin | C10: 1314 | D10: Mymensingh | E10: MY011-B | F10: 01 | G10: 1 | H10: 0 | I10: 0 | J10: 0 | K10: 0 | L10: 0 | M10: 0 | N10: 0 | O10: 0 | P10: 0 | Q10: 3.6124 | R10: 3.8951143 | S10: 107.82622 | T10: 3.8578 | U10: 4.5555535 | V10: 118.08682 | W10: 3.8578 | X10: 5.4518111 | Y10: 141.31917 | Z10: 3.7585 | AA10: 4.8487388 | AB10: 129.00728 | AC10: 3.7346 | AD10: 5.1909649 | AE10: 138.99 | AF10: 0 | AG10: 0 | AH10: 0 | AI10: 0 | AJ10: 0 | AK10: 0 | AL10: 0 | AM10: 0 | AN10: 0 | AO10: 0 | AP10: 0 | AQ10: 0 | AR10: 18.8211 | AS10: 23.942183 | AT10: 127.20926 | AU10: 2026
A11: EM00015916 | B11: Md. Rakibul Islam | C11: 1310 | D11: Paltan | E11: PA053-G | F11: 02 | G11: 1 | H11: 0 | I11: 0 | J11: 0 | K11: 0 | L11: 0 | M11: 0 | N11: 0 | O11: 0 | P11: 0 | Q11: 10.45 | R11: 12.899463 | S11: 123.43983 | T11: 10.2 | U11: 11.801165 | V11: 115.6977 | W11: 11.24 | X11: 14.244273 | Y11: 126.72841 | Z11: 11.24 | AA11: 15.472538 | AB11: 137.65603 | AC11: 11.9 | AD11: 15.537071 | AE11: 130.56 | AF11: 0 | AG11: 0 | AH11: 0 | AI11: 0 | AJ11: 0 | AK11: 0 | AL11: 0 | AM11: 0 | AN11: 0 | AO11: 0 | AP11: 0 | AQ11: 0 | AR11: 55.03 | AS11: 69.95451 | AT11: 127.12068 | AU11: 2026
A12: EM00012638 | B12: Md. Anamul Haque | C12: 1311 | D12: Dhanmondi | E12: DH074-G | F12: 02 | G12: 1 | H12: 1.85 | I12: 4.1122358 | J12: 222.28 | K12: 2.2 | L12: 4.452455 | M12: 202.38 | N12: 2.25 | O12: 4.0012961 | P12: 177.83 | Q12: 2.7 | R12: 4.5551418 | S12: 168.70896 | T12: 2.6 | U12: 3.2059971 | V12: 123.30758 | W12: 2.9 | X12: 1.9217635 | Y12: 66.267707 | Z12: 2.9 | AA12: 1.6445864 | AB12: 56.709876 | AC12: 2.95 | AD12: 1.6400658 | AE12: 55.595 | AF12: 0 | AG12: 0 | AH12: 0 | AI12: 0 | AJ12: 0 | AK12: 0 | AL12: 0 | AM12: 0 | AN12: 0 | AO12: 0 | AP12: 0 | AQ12: 0 | AR12: 20.35 | AS12: 25.533542 | AT12: 125.47195 | AU12: 2026
A13: EM00012275 | B13: Asaduzzaman . | C13: 1311 | D13: Dhanmondi | E13: DH073-G | F13: 02 | G13: 1 | H13: 1.85 | I13: 4.1122358 | J13: 222.28 | K13: 2.2 | L13: 4.452455 | M13: 202.38 | N13: 2.3 | O13: 4.0012961 | P13: 173.96 | Q13: 2.7 | R13: 4.5551418 | S13: 168.70896 | T13: 2.6 | U13: 3.2059971 | V13: 123.30758 | W13: 2.9 | X13: 1.9217635 | Y13: 66.267707 | Z13: 2.9 | AA13: 1.6445864 | AB13: 56.709876 | AC13: 2.95 | AD13: 1.6400658 | AE13: 55.595 | AF13: 0 | AG13: 0 | AH13: 0 | AI13: 0 | AJ13: 0 | AK13: 0 | AL13: 0 | AM13: 0 | AN13: 0 | AO13: 0 | AP13: 0 | AQ13: 0 | AR13: 20.4 | AS13: 25.533542 | AT13: 125.16442 | AU13: 2026
... A3472: EM00016462 | B3472: Sheikh Md. Maruf Mowla | C3472: 1321 | D3472: Rajshahi | E3472: RA012-D | F3472: 11 | G3472: 1 | H3472: 0 | I3472: 0 | J3472: 0 | K3472: 0 | L3472: 0 | M3472: 0 | N3472: 0 | O3472: 0 | P3472: 0 | Q3472: 0 | R3472: 0 | S3472: 0 | T3472: 0 | U3472: 0 | V3472: 0 | W3472: 0 | X3472: 0 | Y3472: 0 | Z3472: 0 | AA3472: 0 | AB3472: 0 | AC3472: 1.8596 | AD3472: 0.2950064 | AE3472: 15.863 | AF3472: 0 | AG3472: 0 | AH3472: 0 | AI3472: 0 | AJ3472: 0 | AK3472: 0 | AL3472: 0 | AM3472: 0 | AN3472: 0 | AO3472: 0 | AP3472: 0 | AQ3472: 0 | AR3472: 1.8596 | AS3472: 0.2950064 | AT3472: 15.863971 | AU3472: 2026

Sheet Sheet1 (2)
A1: emp_id | B1: emp_name | C1: depot_code | D1: depot_name | E1: emp_terri | F1: division | G1: hieararchy | H1: Jan_Tar | I1: Jan_Sol | J1: Jan_Ach | K1: Feb_Tar | L1: Feb_Sol | M1: Feb_Ach | N1: Mar_Tar | O1: Mar_Sol | P1: Mar_Ach | Q1: Apr_Tar | R1: Apr_Sol | S1: Apr_Ach | T1: May_Tar | U1: May_Sol | V1: May_Ach | W1: Jun_Tar | X1: Jun_Sol | Y1: Jun_Ach | Z1: Jul_Tar | AA1: Jul_Sol | AB1: Jul_Ach | AC1: Aug_Tar | AD1: Aug_Sol | AE1: Aug_Ach | AF1: Sep_Tar | AG1: Sep_Sol | AH1: Sep_Ach | AI1: Oct_Tar | AJ1: Oct_Sol | AK1: Oct_Ach | AL1: Nov_Tar | AM1: Nov_Sol | AN1: Nov_Ach | AO1: Dec_Tar | AP1: Dec_Sol | AQ1: Dec_Ach | AR1: Total_Tar | AS1: Total_Sol | AT1: Total_Ach | AU1: year
A2: EM00015722 | B2: Md. Hasibul Islam | C2: 1310 | D2: Paltan | E2: PA012-D | F2: 11 | G2: 1 | H2: 0 | I2: 0 | J2: 0 | K2: 0 | L2: 0 | M2: 0 | N2: 0 | O2: 0 | P2: 0 | Q2: 4.3 | R2: 4.2960731 | S2: 99.908677 | T2: 3.1336 | U2: 3.1947977 | V2: 101.95295 | W2: 3.1336 | X2: 6.2084154 | Y2: 198.12406 | Z2: 4.523 | AA2: 3.352271 | AB2: 74.116096 | AC2: 3.98 | AD2: 4.1079865 | AE2: 103.21 | AF2: 0 | AG2: 0 | AH2: 0 | AI2: 0 | AJ2: 0 | AK2: 0 | AL2: 0 | AM2: 0 | AN2: 0 | AO2: 0 | AP2: 0 | AQ2: 0 | AR2: 19.0702 | AS2: 21.159544 | AT2: 110.95607 | AU2: 2026
A3: EM00016505 | B3: Md. Sujon Hawlader | C3: 1311 | D3: Dhanmondi | E3: DH041-D | F3: 11 | G3: 1 | H3: 0 | I3: 0 | J3: 0 | K3: 0 | L3: 0 | M3: 0 | N3: 0 | O3: 0 | P3: 0 | Q3: 0 | R3: 0 | S3: 0 | T3: 0 | U3: 0 | V3: 0 | W3: 0 | X3: 0 | Y3: 0 | Z3: 0 | AA3: 0 | AB3: 0 | AC3: 3.1838 | AD3: 3.2092596 | AE3: 100.79 | AF3: 0 | AG3: 0 | AH3: 0 | AI3: 0 | AJ3: 0 | AK3: 0 | AL3: 0 | AM3: 0 | AN3: 0 | AO3: 0 | AP3: 0 | AQ3: 0 | AR3: 3.1838 | AS3: 3.2092596 | AT3: 100.79966 | AU3: 2026
A4: EM00015582 | B4: Md. Juel Rana | C4: 1310 | D4: Paltan | E4: PA015-D | F4: 11 | G4: 1 | H4: 0 | I4: 0 | J4: 0 | K4: 0 | L4: 0 | M4: 0 | N4: 0 | O4: 0 | P4: 0 | Q4: 5.7096 | R4: 4.2188505 | S4: 73.890474 | T4: 5.3427 | U4: 4.6252266 | V4: 86.570959 | W4: 5.3427 | X4: 6.3711168 | Y4: 119.24901 | Z4: 5.711 | AA4: 5.25083 | AB4: 91.942392 | AC4: 5.2 | AD4: 5.5745444 | AE4: 107.2 | AF4: 0 | AG4: 0 | AH4: 0 | AI4: 0 | AJ4: 0 | AK4: 0 | AL4: 0 | AM4: 0 | AN4: 0 | AO4: 0 | AP4: 0 | AQ4: 0 | AR4: 27.306 | AS4: 26.040568 | AT4: 95.365738 | AU4: 2026
A5: EM00016052 | B5: Md. Shojib Hossain | C5: 1310 | D5: Paltan | E5: PA013-D | F5: 11 | G5: 1 | H5: 0 | I5: 0 | J5: 0 | K5: 0 | L5: 0 | M5: 0 | N5: 0 | O5: 0 | P5: 0 | Q5: 5.607 | R5: 3.4664743 | S5: 61.824047 | T5: 5.1636 | U5: 3.4539132 | V5: 66.889635 | W5: 5.1636 | X5: 4.1529412 | Y5: 80.427245 | Z5: 5.47 | AA5: 4.7055573 | AB5: 86.024814 | AC5: 4.96 | AD5: 5.1613479 | AE5: 104.05 | AF5: 0 | AG5: 0 | AH5: 0 | AI5: 0 | AJ5: 0 | AK5: 0 | AL5: 0 | AM5: 0 | AN5: 0 | AO5: 0 | AP5: 0 | AQ5: 0 | AR5: 26.3642 | AS5: 20.940234 | AT5: 79.426775 | AU5: 2026
A6: EM00015733 | B6: Monirul Islam | C6: 1311 | D6: Dhanmondi | E6: DH015-D | F6: 11 | G6: 1 | H6: 0 | I6: 0 | J6: 0 | K6: 0 | L6: 0 | M6: 0 | N6: 0 | O6: 0 | P6: 0 | Q6: 5.7498 | R6: 4.0054146 | S6: 69.661807 | T6: 5.6594 | U6: 4.9223716 | V6: 86.976916 | W6: 5.6594 | X6: 3.943593 | Y6: 69.682175 | Z6: 5.953 | AA6: 4.7591447 | AB6: 79.945317 | AC6: 4.9 | AD6: 4.1893658 | AE6: 85.497 | AF6: 0 | AG6: 0 | AH6: 0 | AI6: 0 | AJ6: 0 | AK6: 0 | AL6: 0 | AM6: 0 | AN6: 0 | AO6: 0 | AP6: 0 | AQ6: 0 | AR6: 27.9216 | AS6: 21.81989 | AT6: 78.146989 | AU6: 2026
A7: EM00007671 | B7: Md. Nazrul Islam | C7: 1310 | D7: Paltan | E7: PA010-D | F7: 11 | G7: 2 | H7: 0 | I7: 0 | J7: 0 | K7: 0 | L7: 0 | M7: 0 | N7: 0 | O7: 0 | P7: 0 | Q7: 30.7903 | R7: 20.432776 | S7: 66.361083 | T7: 27.3509 | U7: 19.237922 | V7: 70.337439 | W7: 27.3509 | X7: 25.316921 | Y7: 92.563393 | Z7: 29.326 | AA7: 21.260998 | AB7: 72.498798 | AC7: 25.4038 | AD7: 23.325495 | AE7: 91.818 | AF7: 0 | AG7: 0 | AH7: 0 | AI7: 0 | AJ7: 0 | AK7: 0 | AL7: 0 | AM7: 0 | AN7: 0 | AO7: 0 | AP7: 0 | AQ7: 0 | AR7: 140.2219 | AS7: 109.57411 | AT7: 78.143366 | AU7: 2026
A8: EM00016503 | B8: Md. Saddam Hossen | C8: 1322 | D8: Rangpur | E8: RN017-D | F8: 11 | G8: 1 | H8: 0 | I8: 0 | J8: 0 | K8: 0 | L8: 0 | M8: 0 | N8: 0 | O8: 0 | P8: 0 | Q8: 0 | R8: 0 | S8: 0 | T8: 0 | U8: 0 | V8: 0 | W8: 0 | X8: 0 | Y8: 0 | Z8: 0 | AA8: 0 | AB8: 0 | AC8: 3.6305 | AD8: 2.8149968 | AE8: 77.537 | AF8: 0 | AG8: 0 | AH8: 0 | AI8: 0 | AJ8: 0 | AK8: 0 | AL8: 0 | AM8: 0 | AN8: 0 | AO8: 0 | AP8: 0 | AQ8: 0 | AR8: 3.6305 | AS8: 2.8149968 | AT8: 77.537441 | AU8: 2026
A9: EM00016390 | B9: Md. Zahidul Islam | C9: 1313 | D9: Narayanganj | E9: NA026-D | F9: 11 | G9: 1 | H9: 0 | I9: 0 | J9: 0 | K9: 0 | L9: 0 | M9: 0 | N9: 0 | O9: 0 | P9: 0 | Q9: 0 | R9: 0 | S9: 0 | T9: 0 | U9: 0 | V9: 0 | W9: 0 | X9: 0 | Y9: 0 | Z9: 6.87 | AA9: 3.9309362 | AB9: 57.218868 | AC9: 5.0362 | AD9: 5.075106 | AE9: 100.77 | AF9: 0 | AG9: 0 | AH9: 0 | AI9: 0 | AJ9: 0 | AK9: 0 | AL9: 0 | AM9: 0 | AN9: 0 | AO9: 0 | AP9: 0 | AQ9: 0 | AR9: 11.9062 | AS9: 9.0060422 | AT9: 75.641617 | AU9: 2026
A10: EM00016005 | B10: Md. Ala Uddin | C10: 1316 | D10: Sylhet | E10: SY033-D | F10: 11 | G10: 1 | H10: 0 | I10: 0 | J10: 0 | K10: 0 | L10: 0 | M10: 0 | N10: 0 | O10: 0 | P10: 0 | Q10: 0 | R10: 0 | S10: 0 | T10: 0 | U10: 0 | V10: 0 | W10: 0 | X10: 0 | Y10: 0 | Z10: 0 | AA10: 0 | AB10: 0 | AC10: 4.65136 | AD10: 3.3909591 | AE10: 72.902 | AF10: 0 | AG10: 0 | AH10: 0 | AI10: 0 | AJ10: 0 | AK10: 0 | AL10: 0 | AM10: 0 | AN10: 0 | AO10: 0 | AP10: 0 | AQ10: 0 | AR10: 4.65136 | AS10: 3.3909591 | AT10: 72.90253 | AU10: 2026
A11: EM00016273 | B11: Md. Suman Miah | C11: 1313 | D11: Narayanganj | E11: NA024-D | F11: 11 | G11: 1 | H11: 0 | I11: 0 | J11: 0 | K11: 0 | L11: 0 | M11: 0 | N11: 0 | O11: 0 | P11: 0 | Q11: 0 | R11: 0 | S11: 0 | T11: 0 | U11: 0 | V11: 0 | W11: 5.7878 | X11: 4.048492 | Y11: 69.94872 | Z11: 6.78 | AA11: 3.933612 | AB11: 58.017876 | AC11: 5.301 | AD11: 5.0296669 | AE11: 94.881 | AF11: 0 | AG11: 0 | AH11: 0 | AI11: 0 | AJ11: 0 | AK11: 0 | AL11: 0 | AM11: 0 | AN11: 0 | AO11: 0 | AP11: 0 | AQ11: 0 | AR11: 17.8688 | AS11: 13.011771 | AT11: 72.818381 | AU11: 2026
A12: EM00015587 | B12: M.A.Razzak . | C12: 1311 | D12: Dhanmondi | E12: DH022-D | F12: 11 | G12: 1 | H12: 0 | I12: 0 | J12: 0 | K12: 0 | L12: 0 | M12: 0 | N12: 0 | O12: 0 | P12: 0 | Q12: 7.6706 | R12: 4.8481627 | S12: 63.204478 | T12: 6.8557 | U12: 4.6746665 | V12: 68.186567 | W12: 6.8557 | X12: 5.843969 | Y12: 85.242484 | Z12: 7.875 | AA12: 6.1684692 | AB12: 78.329768 | AC12: 6.0636 | AD12: 4.0895128 | AE12: 67.443 | AF12: 0 | AG12: 0 | AH12: 0 | AI12: 0 | AJ12: 0 | AK12: 0 | AL12: 0 | AM12: 0 | AN12: 0 | AO12: 0 | AP12: 0 | AQ12: 0 | AR12: 35.3206 | AS12: 25.62478 | AT12: 72.549108 | AU12: 2026
A13: EM00016411 | B13: Sapon Islam | C13: 1321 | D13: Rajshahi | E13: RA025-D | F13: 11 | G13: 1 | H13: 0 | I13: 0 | J13: 0 | K13: 0 | L13: 0 | M13: 0 | N13: 0 | O13: 0 | P13: 0 | Q13: 0 | R13: 0 | S13: 0 | T13: 0 | U13: 0 | V13: 0 | W13: 0 | X13: 0 | Y13: 0 | Z13: 0 | AA13: 0 | AB13: 0 | AC13: 2.1684 | AD13: 1.5700317 | AE13: 72.405 | AF13: 0 | AG13: 0 | AH13: 0 | AI13: 0 | AJ13: 0 | AK13: 0 | AL13: 0 | AM13: 0 | AN13: 0 | AO13: 0 | AP13: 0 | AQ13: 0 | AR13: 2.1684 | AS13: 1.5700317 | AT13: 72.405077 | AU13: 2026
... A248: EM00016462 | B248: Sheikh Md. Maruf Mowla | C248: 1321 | D248: Rajshahi | E248: RA012-D | F248: 11 | G248: 1 | H248: 0 | I248: 0 | J248: 0 | K248: 0 | L248: 0 | M248: 0 | N248: 0 | O248: 0 | P248: 0 | Q248: 0 | R248: 0 | S248: 0 | T248: 0 | U248: 0 | V248: 0 | W248: 0 | X248: 0 | Y248: 0 | Z248: 0 | AA248: 0 | AB248: 0 | AC248: 1.8596 | AD248: 0.2950064 | AE248: 15.863 | AF248: 0 | AG248: 0 | AH248: 0 | AI248: 0 | AJ248: 0 | AK248: 0 | AL248: 0 | AM248: 0 | AN248: 0 | AO248: 0 | AP248: 0 | AQ248: 0 | AR248: 1.8596 | AS248: 0.2950064 | AT248: 15.863971 | AU248: 2026

Sheet Sheet1fINAL
A1: emp_id | B1: emp_name | C1: depot_code | D1: depot_name | E1: emp_terri | F1: division | G1: hieararchy | H1: Jan_Tar | I1: Jan_Sol | J1: Jan_Ach | K1: Feb_Tar | L1: Feb_Sol | M1: Feb_Ach | N1: Mar_Tar | O1: Mar_Sol | P1: Mar_Ach | Q1: Apr_Tar | R1: Apr_Sol | S1: Apr_Ach | T1: May_Tar | U1: May_Sol | V1: May_Ach | W1: Jun_Tar | X1: Jun_Sol | Y1: Jun_Ach | Z1: Jul_Tar | AA1: Jul_Sol | AB1: Jul_Ach | AC1: Aug_Tar | AD1: Aug_Sol | AE1: Aug_Ach | AF1: Sep_Tar | AG1: Sep_Sol | AH1: Sep_Ach | AI1: Oct_Tar | AJ1: Oct_Sol | AK1: Oct_Ach | AL1: Nov_Tar | AM1: Nov_Sol | AN1: Nov_Ach | AO1: Dec_Tar | AP1: Dec_Sol | AQ1: Dec_Ach | AR1: Total_Tar | AS1: Total_Sol | AT1: Total_Ach | AU1: year
A2: EM00015722 | B2: Md. Hasibul Islam | C2: 1310 | D2: Paltan | E2: PA012-D | F2: 11 | G2: 1 | H2: 0 | I2: 0 | J2: 0 | K2: 0 | L2: 0 | M2: 0 | N2: 0 | O2: 0 | P2: 0 | Q2: 4.3 | R2: 4.2960731 | S2: 99.908677 | T2: 3.1336 | U2: 3.1947977 | V2: 101.95295 | W2: 3.1336 | X2: 6.2084154 | Y2: 198.12406 | Z2: 4.523 | AA2: 3.352271 | AB2: 74.116096 | AC2: 3.98 | AD2: 4.1079865 | AE2: 103.21 | AF2: 0 | AG2: 0 | AH2: 0 | AI2: 0 | AJ2: 0 | AK2: 0 | AL2: 0 | AM2: 0 | AN2: 0 | AO2: 0 | AP2: 0 | AQ2: 0 | AR2: 19.0702 | AS2: 21.159544 | AT2: 110.95607 | AU2: 2026 | AV2: =_xlfn.XLOOKUP(A2,'Sheet1 (2)'!A:A,'Sheet1 (2)'!AT:AT) -> 110.95607 | AW2: =AT2-AV2 -> 0
A3: EM00016505 | B3: Md. Sujon Hawlader | C3: 1311 | D3: Dhanmondi | E3: DH041-D | F3: 11 | G3: 1 | H3: 0 | I3: 0 | J3: 0 | K3: 0 | L3: 0 | M3: 0 | N3: 0 | O3: 0 | P3: 0 | Q3: 0 | R3: 0 | S3: 0 | T3: 0 | U3: 0 | V3: 0 | W3: 0 | X3: 0 | Y3: 0 | Z3: 0 | AA3: 0 | AB3: 0 | AC3: 3.1838 | AD3: 3.2092596 | AE3: 100.79 | AF3: 0 | AG3: 0 | AH3: 0 | AI3: 0 | AJ3: 0 | AK3: 0 | AL3: 0 | AM3: 0 | AN3: 0 | AO3: 0 | AP3: 0 | AQ3: 0 | AR3: 3.1838 | AS3: 3.2092596 | AT3: 100.79966 | AU3: 2026 | AV3: =_xlfn.XLOOKUP(A3,'Sheet1 (2)'!A:A,'Sheet1 (2)'!AT:AT) -> 100.79966 | AW3: =AT3-AV3 -> 0
A4: EM00015582 | B4: Md. Juel Rana | C4: 1310 | D4: Paltan | E4: PA015-D | F4: 11 | G4: 1 | H4: 0 | I4: 0 | J4: 0 | K4: 0 | L4: 0 | M4: 0 | N4: 0 | O4: 0 | P4: 0 | Q4: 5.7096 | R4: 4.2188505 | S4: 73.890474 | T4: 5.3427 | U4: 4.6252266 | V4: 86.570959 | W4: 5.3427 | X4: 6.3711168 | Y4: 119.24901 | Z4: 5.711 | AA4: 5.25083 | AB4: 91.942392 | AC4: 5.2 | AD4: 5.5745444 | AE4: 107.2 | AF4: 0 | AG4: 0 | AH4: 0 | AI4: 0 | AJ4: 0 | AK4: 0 | AL4: 0 | AM4: 0 | AN4: 0 | AO4: 0 | AP4: 0 | AQ4: 0 | AR4: 27.306 | AS4: 26.040568 | AT4: 95.365738 | AU4: 2026 | AV4: =_xlfn.XLOOKUP(A4,'Sheet1 (2)'!A:A,'Sheet1 (2)'!AT:AT) -> 95.365738 | AW4: =AT4-AV4 -> 0
A5: EM00016052 | B5: Md. Shojib Hossain | C5: 1310 | D5: Paltan | E5: PA013-D | F5: 11 | G5: 1 | H5: 0 | I5: 0 | J5: 0 | K5: 0 | L5: 0 | M5: 0 | N5: 0 | O5: 0 | P5: 0 | Q5: 5.607 | R5: 3.4664743 | S5: 61.824047 | T5: 5.1636 | U5: 3.4539132 | V5: 66.889635 | W5: 5.1636 | X5: 4.1529412 | Y5: 80.427245 | Z5: 5.47 | AA5: 4.7055573 | AB5: 86.024814 | AC5: 4.96 | AD5: 5.1613479 | AE5: 104.05 | AF5: 0 | AG5: 0 | AH5: 0 | AI5: 0 | AJ5: 0 | AK5: 0 | AL5: 0 | AM5: 0 | AN5: 0 | AO5: 0 | AP5: 0 | AQ5: 0 | AR5: 26.3642 | AS5: 20.940234 | AT5: 79.426775 | AU5: 2026 | AV5: =_xlfn.XLOOKUP(A5,'Sheet1 (2)'!A:A,'Sheet1 (2)'!AT:AT) -> 79.426775 | AW5: =AT5-AV5 -> 0
A6: EM00015733 | B6: Monirul Islam | C6: 1311 | D6: Dhanmondi | E6: DH015-D | F6: 11 | G6: 1 | H6: 0 | I6: 0 | J6: 0 | K6: 0 | L6: 0 | M6: 0 | N6: 0 | O6: 0 | P6: 0 | Q6: 5.7498 | R6: 4.0054146 | S6: 69.661807 | T6: 5.6594 | U6: 4.9223716 | V6: 86.976916 | W6: 5.6594 | X6: 3.943593 | Y6: 69.682175 | Z6: 5.953 | AA6: 4.7591447 | AB6: 79.945317 | AC6: 4.9 | AD6: 4.1893658 | AE6: 85.497 | AF6: 0 | AG6: 0 | AH6: 0 | AI6: 0 | AJ6: 0 | AK6: 0 | AL6: 0 | AM6: 0 | AN6: 0 | AO6: 0 | AP6: 0 | AQ6: 0 | AR6: 27.9216 | AS6: 21.81989 | AT6: 78.146989 | AU6: 2026 | AV6: =_xlfn.XLOOKUP(A6,'Sheet1 (2)'!A:A,'Sheet1 (2)'!AT:AT) -> 78.146989 | AW6: =AT6-AV6 -> 0
A7: EM00007671 | B7: Md. Nazrul Islam | C7: 1310 | D7: Paltan | E7: PA010-D | F7: 11 | G7: 2 | H7: 0 | I7: 0 | J7: 0 | K7: 0 | L7: 0 | M7: 0 | N7: 0 | O7: 0 | P7: 0 | Q7: 30.7903 | R7: 20.432776 | S7: 66.361083 | T7: 27.3509 | U7: 19.237922 | V7: 70.337439 | W7: 27.3509 | X7: 25.316921 | Y7: 92.563393 | Z7: 29.326 | AA7: 21.260998 | AB7: 72.498798 | AC7: 25.4038 | AD7: 23.325495 | AE7: 91.818 | AF7: 0 | AG7: 0 | AH7: 0 | AI7: 0 | AJ7: 0 | AK7: 0 | AL7: 0 | AM7: 0 | AN7: 0 | AO7: 0 | AP7: 0 | AQ7: 0 | AR7: 140.2219 | AS7: 109.57411 | AT7: 78.143366 | AU7: 2026 | AV7: =_xlfn.XLOOKUP(A7,'Sheet1 (2)'!A:A,'Sheet1 (2)'!AT:AT) -> 78.143366 | AW7: =AT7-AV7 -> 0
A8: EM00016503 | B8: Md. Saddam Hossen | C8: 1322 | D8: Rangpur | E8: RN017-D | F8: 11 | G8: 1 | H8: 0 | I8: 0 | J8: 0 | K8: 0 | L8: 0 | M8: 0 | N8: 0 | O8: 0 | P8: 0 | Q8: 0 | R8: 0 | S8: 0 | T8: 0 | U8: 0 | V8: 0 | W8: 0 | X8: 0 | Y8: 0 | Z8: 0 | AA8: 0 | AB8: 0 | AC8: 3.6305 | AD8: 2.8149968 | AE8: 77.537 | AF8: 0 | AG8: 0 | AH8: 0 | AI8: 0 | AJ8: 0 | AK8: 0 | AL8: 0 | AM8: 0 | AN8: 0 | AO8: 0 | AP8: 0 | AQ8: 0 | AR8: 3.6305 | AS8: 2.8149968 | AT8: 77.537441 | AU8: 2026 | AV8: =_xlfn.XLOOKUP(A8,'Sheet1 (2)'!A:A,'Sheet1 (2)'!AT:AT) -> 77.537441 | AW8: =AT8-AV8 -> 0
A9: EM00016390 | B9: Md. Zahidul Islam | C9: 1313 | D9: Narayanganj | E9: NA026-D | F9: 11 | G9: 1 | H9: 0 | I9: 0 | J9: 0 | K9: 0 | L9: 0 | M9: 0 | N9: 0 | O9: 0 | P9: 0 | Q9: 0 | R9: 0 | S9: 0 | T9: 0 | U9: 0 | V9: 0 | W9: 0 | X9: 0 | Y9: 0 | Z9: 6.87 | AA9: 3.9309362 | AB9: 57.218868 | AC9: 5.0362 | AD9: 5.075106 | AE9: 100.77 | AF9: 0 | AG9: 0 | AH9: 0 | AI9: 0 | AJ9: 0 | AK9: 0 | AL9: 0 | AM9: 0 | AN9: 0 | AO9: 0 | AP9: 0 | AQ9: 0 | AR9: 11.9062 | AS9: 9.0060422 | AT9: 75.641617 | AU9: 2026 | AV9: =_xlfn.XLOOKUP(A9,'Sheet1 (2)'!A:A,'Sheet1 (2)'!AT:AT) -> 75.641617 | AW9: =AT9-AV9 -> 0
A10: EM00016005 | B10: Md. Ala Uddin | C10: 1316 | D10: Sylhet | E10: SY033-D | F10: 11 | G10: 1 | H10: 0 | I10: 0 | J10: 0 | K10: 0 | L10: 0 | M10: 0 | N10: 0 | O10: 0 | P10: 0 | Q10: 0 | R10: 0 | S10: 0 | T10: 0 | U10: 0 | V10: 0 | W10: 0 | X10: 0 | Y10: 0 | Z10: 0 | AA10: 0 | AB10: 0 | AC10: 4.65136 | AD10: 3.3909591 | AE10: 72.902 | AF10: 0 | AG10: 0 | AH10: 0 | AI10: 0 | AJ10: 0 | AK10: 0 | AL10: 0 | AM10: 0 | AN10: 0 | AO10: 0 | AP10: 0 | AQ10: 0 | AR10: 4.65136 | AS10: 3.3909591 | AT10: 72.90253 | AU10: 2026 | AV10: =_xlfn.XLOOKUP(A10,'Sheet1 (2)'!A:A,'Sheet1 (2)'!AT:AT) -> 72.90253 | AW10: =AT10-AV10 -> 0
A11: EM00016273 | B11: Md. Suman Miah | C11: 1313 | D11: Narayanganj | E11: NA024-D | F11: 11 | G11: 1 | H11: 0 | I11: 0 | J11: 0 | K11: 0 | L11: 0 | M11: 0 | N11: 0 | O11: 0 | P11: 0 | Q11: 0 | R11: 0 | S11: 0 | T11: 0 | U11: 0 | V11: 0 | W11: 5.7878 | X11: 4.048492 | Y11: 69.94872 | Z11: 6.78 | AA11: 3.933612 | AB11: 58.017876 | AC11: 5.301 | AD11: 5.0296669 | AE11: 94.881 | AF11: 0 | AG11: 0 | AH11: 0 | AI11: 0 | AJ11: 0 | AK11: 0 | AL11: 0 | AM11: 0 | AN11: 0 | AO11: 0 | AP11: 0 | AQ11: 0 | AR11: 17.8688 | AS11: 13.011771 | AT11: 72.818381 | AU11: 2026 | AV11: =_xlfn.XLOOKUP(A11,'Sheet1 (2)'!A:A,'Sheet1 (2)'!AT:AT) -> 72.818381 | AW11: =AT11-AV11 -> 0
A12: EM00015587 | B12: M.A.Razzak . | C12: 1311 | D12: Dhanmondi | E12: DH022-D | F12: 11 | G12: 1 | H12: 0 | I12: 0 | J12: 0 | K12: 0 | L12: 0 | M12: 0 | N12: 0 | O12: 0 | P12: 0 | Q12: 7.6706 | R12: 4.8481627 | S12: 63.204478 | T12: 6.8557 | U12: 4.6746665 | V12: 68.186567 | W12: 6.8557 | X12: 5.843969 | Y12: 85.242484 | Z12: 7.875 | AA12: 6.1684692 | AB12: 78.329768 | AC12: 6.0636 | AD12: 4.0895128 | AE12: 67.443 | AF12: 0 | AG12: 0 | AH12: 0 | AI12: 0 | AJ12: 0 | AK12: 0 | AL12: 0 | AM12: 0 | AN12: 0 | AO12: 0 | AP12: 0 | AQ12: 0 | AR12: 35.3206 | AS12: 25.62478 | AT12: 72.549108 | AU12: 2026 | AV12: =_xlfn.XLOOKUP(A12,'Sheet1 (2)'!A:A,'Sheet1 (2)'!AT:AT) -> 72.549108 | AW12: =AT12-AV12 -> 0
A13: EM00016411 | B13: Sapon Islam | C13: 1321 | D13: Rajshahi | E13: RA025-D | F13: 11 | G13: 1 | H13: 0 | I13: 0 | J13: 0 | K13: 0 | L13: 0 | M13: 0 | N13: 0 | O13: 0 | P13: 0 | Q13: 0 | R13: 0 | S13: 0 | T13: 0 | U13: 0 | V13: 0 | W13: 0 | X13: 0 | Y13: 0 | Z13: 0 | AA13: 0 | AB13: 0 | AC13: 2.1684 | AD13: 1.5700317 | AE13: 72.405 | AF13: 0 | AG13: 0 | AH13: 0 | AI13: 0 | AJ13: 0 | AK13: 0 | AL13: 0 | AM13: 0 | AN13: 0 | AO13: 0 | AP13: 0 | AQ13: 0 | AR13: 2.1684 | AS13: 1.5700317 | AT13: 72.405077 | AU13: 2026 | AV13: =_xlfn.XLOOKUP(A13,'Sheet1 (2)'!A:A,'Sheet1 (2)'!AT:AT) -> 72.405077 | AW13: =AT13-AV13 -> 0
... A248: EM00016462 | B248: Sheikh Md. Maruf Mowla | C248: 1321 | D248: Rajshahi | E248: RA012-D | F248: 11 | G248: 1 | H248: 0 | I248: 0 | J248: 0 | K248: 0 | L248: 0 | M248: 0 | N248: 0 | O248: 0 | P248: 0 | Q248: 0 | R248: 0 | S248: 0 | T248: 0 | U248: 0 | V248: 0 | W248: 0 | X248: 0 | Y248: 0 | Z248: 0 | AA248: 0 | AB248: 0 | AC248: 1.8596 | AD248: 0.2950064 | AE248: 15.863 | AF248: 0 | AG248: 0 | AH248: 0 | AI248: 0 | AJ248: 0 | AK248: 0 | AL248: 0 | AM248: 0 | AN248: 0 | AO248: 0 | AP248: 0 | AQ248: 0 | AR248: 1.8596 | AS248: 0.2950064 | AT248: 15.863971 | AU248: 2026 | AV248: =_xlfn.XLOOKUP(A248,'Sheet1 (2)'!A:A,'Sheet1 (2)'!AT:AT) -> 15.863971 | AW248: =AT248-AV248 -> 0
